[debug] [2024-05-30T23:58:02.246Z] ----------------------------------------------------------------------
[debug] [2024-05-30T23:58:02.258Z] Command:       C:\Program Files\nodejs\node.exe C:\Users\sharo\AppData\Roaming\npm\node_modules\firebase-tools\lib\bin\firebase.js deploy --only functions --debug
[debug] [2024-05-30T23:58:02.259Z] CLI Version:   13.8.0
[debug] [2024-05-30T23:58:02.260Z] Platform:      win32
[debug] [2024-05-30T23:58:02.260Z] Node Version:  v20.3.1
[debug] [2024-05-30T23:58:02.261Z] Time:          Fri May 31 2024 02:58:02 GMT+0300 (East Africa Time)
[debug] [2024-05-30T23:58:02.261Z] ----------------------------------------------------------------------
[debug] 
[debug] [2024-05-30T23:58:02.371Z] > command requires scopes: ["email","openid","https://www.googleapis.com/auth/cloudplatformprojects.readonly","https://www.googleapis.com/auth/firebase","https://www.googleapis.com/auth/cloud-platform"]
[debug] [2024-05-30T23:58:02.376Z] > authorizing via signed-in user (sharon@gessic.com)
[debug] [2024-05-30T23:58:02.376Z] [iam] checking project truck-it-bf0b2 for permissions ["cloudfunctions.functions.create","cloudfunctions.functions.delete","cloudfunctions.functions.get","cloudfunctions.functions.list","cloudfunctions.functions.update","cloudfunctions.operations.get","firebase.projects.get"]
[debug] [2024-05-30T23:58:02.380Z] >>> [apiv2][query] POST https://cloudresourcemanager.googleapis.com/v1/projects/truck-it-bf0b2:testIamPermissions [none]
[debug] [2024-05-30T23:58:02.381Z] >>> [apiv2][(partial)header] POST https://cloudresourcemanager.googleapis.com/v1/projects/truck-it-bf0b2:testIamPermissions x-goog-quota-user=projects/truck-it-bf0b2
[debug] [2024-05-30T23:58:02.381Z] >>> [apiv2][body] POST https://cloudresourcemanager.googleapis.com/v1/projects/truck-it-bf0b2:testIamPermissions {"permissions":["cloudfunctions.functions.create","cloudfunctions.functions.delete","cloudfunctions.functions.get","cloudfunctions.functions.list","cloudfunctions.functions.update","cloudfunctions.operations.get","firebase.projects.get"]}
[debug] [2024-05-30T23:58:04.475Z] <<< [apiv2][status] POST https://cloudresourcemanager.googleapis.com/v1/projects/truck-it-bf0b2:testIamPermissions 200
[debug] [2024-05-30T23:58:04.476Z] <<< [apiv2][body] POST https://cloudresourcemanager.googleapis.com/v1/projects/truck-it-bf0b2:testIamPermissions {"permissions":["cloudfunctions.functions.create","cloudfunctions.functions.delete","cloudfunctions.functions.get","cloudfunctions.functions.list","cloudfunctions.functions.update","cloudfunctions.operations.get","firebase.projects.get"]}
[debug] [2024-05-30T23:58:04.477Z] >>> [apiv2][query] POST https://iam.googleapis.com/v1/projects/truck-it-bf0b2/serviceAccounts/truck-it-bf0b2@appspot.gserviceaccount.com:testIamPermissions [none]
[debug] [2024-05-30T23:58:04.478Z] >>> [apiv2][body] POST https://iam.googleapis.com/v1/projects/truck-it-bf0b2/serviceAccounts/truck-it-bf0b2@appspot.gserviceaccount.com:testIamPermissions {"permissions":["iam.serviceAccounts.actAs"]}
[debug] [2024-05-30T23:58:07.286Z] <<< [apiv2][status] POST https://iam.googleapis.com/v1/projects/truck-it-bf0b2/serviceAccounts/truck-it-bf0b2@appspot.gserviceaccount.com:testIamPermissions 200
[debug] [2024-05-30T23:58:07.287Z] <<< [apiv2][body] POST https://iam.googleapis.com/v1/projects/truck-it-bf0b2/serviceAccounts/truck-it-bf0b2@appspot.gserviceaccount.com:testIamPermissions {"permissions":["iam.serviceAccounts.actAs"]}
[info] 
[info] === Deploying to 'truck-it-bf0b2'...
[info] 
[info] i  deploying functions 
[debug] [2024-05-30T23:58:07.292Z] >>> [apiv2][query] GET https://firebase.googleapis.com/v1beta1/projects/truck-it-bf0b2 [none]
[debug] [2024-05-30T23:58:08.207Z] <<< [apiv2][status] GET https://firebase.googleapis.com/v1beta1/projects/truck-it-bf0b2 200
[debug] [2024-05-30T23:58:08.208Z] <<< [apiv2][body] GET https://firebase.googleapis.com/v1beta1/projects/truck-it-bf0b2 {"projectId":"truck-it-bf0b2","projectNumber":"444807794647","displayName":"Truck IT","name":"projects/truck-it-bf0b2","resources":{"hostingSite":"truck-it-bf0b2","storageBucket":"truck-it-bf0b2.appspot.com","locationId":"us-central"},"state":"ACTIVE","etag":"1_8bfccb06-8f12-4cce-ae13-5c0a2f60b47a"}
[info] i  functions: preparing codebase default for deployment 
[info] i  functions: ensuring required API cloudfunctions.googleapis.com is enabled... 
[info] i  functions: ensuring required API cloudbuild.googleapis.com is enabled... 
[info] i  artifactregistry: ensuring required API artifactregistry.googleapis.com is enabled... 
[debug] [2024-05-30T23:58:08.213Z] >>> [apiv2][query] GET https://serviceusage.googleapis.com/v1/projects/truck-it-bf0b2/services/cloudfunctions.googleapis.com [none]
[debug] [2024-05-30T23:58:08.214Z] >>> [apiv2][(partial)header] GET https://serviceusage.googleapis.com/v1/projects/truck-it-bf0b2/services/cloudfunctions.googleapis.com x-goog-quota-user=projects/truck-it-bf0b2
[debug] [2024-05-30T23:58:08.216Z] >>> [apiv2][query] GET https://serviceusage.googleapis.com/v1/projects/truck-it-bf0b2/services/runtimeconfig.googleapis.com [none]
[debug] [2024-05-30T23:58:08.217Z] >>> [apiv2][(partial)header] GET https://serviceusage.googleapis.com/v1/projects/truck-it-bf0b2/services/runtimeconfig.googleapis.com x-goog-quota-user=projects/truck-it-bf0b2
[debug] [2024-05-30T23:58:08.220Z] >>> [apiv2][query] GET https://serviceusage.googleapis.com/v1/projects/truck-it-bf0b2/services/cloudbuild.googleapis.com [none]
[debug] [2024-05-30T23:58:08.221Z] >>> [apiv2][(partial)header] GET https://serviceusage.googleapis.com/v1/projects/truck-it-bf0b2/services/cloudbuild.googleapis.com x-goog-quota-user=projects/truck-it-bf0b2
[debug] [2024-05-30T23:58:08.224Z] >>> [apiv2][query] GET https://serviceusage.googleapis.com/v1/projects/truck-it-bf0b2/services/artifactregistry.googleapis.com [none]
[debug] [2024-05-30T23:58:08.225Z] >>> [apiv2][(partial)header] GET https://serviceusage.googleapis.com/v1/projects/truck-it-bf0b2/services/artifactregistry.googleapis.com x-goog-quota-user=projects/truck-it-bf0b2
[debug] [2024-05-30T23:58:10.433Z] <<< [apiv2][status] GET https://serviceusage.googleapis.com/v1/projects/truck-it-bf0b2/services/runtimeconfig.googleapis.com 200
[debug] [2024-05-30T23:58:10.434Z] <<< [apiv2][body] GET https://serviceusage.googleapis.com/v1/projects/truck-it-bf0b2/services/runtimeconfig.googleapis.com [omitted]
[debug] [2024-05-30T23:58:10.469Z] <<< [apiv2][status] GET https://serviceusage.googleapis.com/v1/projects/truck-it-bf0b2/services/cloudfunctions.googleapis.com 200
[debug] [2024-05-30T23:58:10.470Z] <<< [apiv2][body] GET https://serviceusage.googleapis.com/v1/projects/truck-it-bf0b2/services/cloudfunctions.googleapis.com [omitted]
[info] +  functions: required API cloudfunctions.googleapis.com is enabled 
[debug] [2024-05-30T23:58:10.488Z] <<< [apiv2][status] GET https://serviceusage.googleapis.com/v1/projects/truck-it-bf0b2/services/artifactregistry.googleapis.com 200
[debug] [2024-05-30T23:58:10.488Z] <<< [apiv2][body] GET https://serviceusage.googleapis.com/v1/projects/truck-it-bf0b2/services/artifactregistry.googleapis.com [omitted]
[info] +  artifactregistry: required API artifactregistry.googleapis.com is enabled 
[debug] [2024-05-30T23:58:10.714Z] <<< [apiv2][status] GET https://serviceusage.googleapis.com/v1/projects/truck-it-bf0b2/services/cloudbuild.googleapis.com 200
[debug] [2024-05-30T23:58:10.715Z] <<< [apiv2][body] GET https://serviceusage.googleapis.com/v1/projects/truck-it-bf0b2/services/cloudbuild.googleapis.com [omitted]
[info] +  functions: required API cloudbuild.googleapis.com is enabled 
[debug] [2024-05-30T23:58:10.717Z] >>> [apiv2][query] GET https://firebase.googleapis.com/v1beta1/projects/truck-it-bf0b2/adminSdkConfig [none]
[debug] [2024-05-30T23:58:11.431Z] <<< [apiv2][status] GET https://firebase.googleapis.com/v1beta1/projects/truck-it-bf0b2/adminSdkConfig 200
[debug] [2024-05-30T23:58:11.432Z] <<< [apiv2][body] GET https://firebase.googleapis.com/v1beta1/projects/truck-it-bf0b2/adminSdkConfig {"projectId":"truck-it-bf0b2","storageBucket":"truck-it-bf0b2.appspot.com","locationId":"us-central"}
[debug] [2024-05-30T23:58:11.433Z] >>> [apiv2][query] GET https://runtimeconfig.googleapis.com/v1beta1/projects/truck-it-bf0b2/configs [none]
[debug] [2024-05-30T23:58:12.926Z] <<< [apiv2][status] GET https://runtimeconfig.googleapis.com/v1beta1/projects/truck-it-bf0b2/configs 200
[debug] [2024-05-30T23:58:12.927Z] <<< [apiv2][body] GET https://runtimeconfig.googleapis.com/v1beta1/projects/truck-it-bf0b2/configs {}
[debug] [2024-05-30T23:58:12.931Z] Validating nodejs source
[warn] !  functions: package.json indicates an outdated version of firebase-functions. Please upgrade using npm install --save firebase-functions@latest in your functions directory. 
[warn] !  functions: Please note that there will be breaking changes when you upgrade. 
[debug] [2024-05-30T23:58:21.151Z] > [functions] package.json contents: {
  "name": "functions",
  "description": "Cloud Functions for Firebase",
  "scripts": {
    "serve": "firebase emulators:start --only functions",
    "shell": "firebase functions:shell",
    "start": "npm run shell",
    "deploy": "firebase deploy --only functions",
    "logs": "firebase functions:log"
  },
  "engines": {
    "node": "18"
  },
  "main": "index.js",
  "dependencies": {
    "cors": "^2.8.5",
    "firebase-admin": "^11.8.0",
    "firebase-functions": "^4.3.1"
  },
  "devDependencies": {
    "firebase-functions-test": "^3.1.0"
  },
  "private": true
}
[debug] [2024-05-30T23:58:21.155Z] Building nodejs source
[info] i  functions: Loading and analyzing source code for codebase default to determine what to deploy 
[debug] [2024-05-30T23:58:21.162Z] Could not find functions.yaml. Must use http discovery
[debug] [2024-05-30T23:58:21.195Z] Found firebase-functions binary at 'C:\Users\sharo\truckit\functions\node_modules\.bin\firebase-functions'
[info] Serving at port 8118

[debug] [2024-05-30T23:58:22.861Z] Got response from /__/functions.yaml {"endpoints":{"getOpenExchangeCurrency":{"platform":"gcfv1","availableMemoryMb":null,"timeoutSeconds":null,"minInstances":null,"maxInstances":null,"ingressSettings":null,"serviceAccountEmail":null,"vpc":null,"scheduleTrigger":{"schedule":"every 24 hours","retryConfig":{"retryCount":null,"maxDoublings":null,"maxRetryDuration":null,"maxBackoffDuration":null,"minBackoffDuration":null},"timeZone":null},"labels":{},"entryPoint":"getOpenExchangeCurrency"},"getCountries":{"platform":"gcfv1","availableMemoryMb":null,"timeoutSeconds":null,"minInstances":null,"maxInstances":null,"ingressSettings":null,"serviceAccountEmail":null,"vpc":null,"httpsTrigger":{},"entryPoint":"getCountries"}},"specVersion":"v1alpha1","requiredAPIs":[{"api":"cloudscheduler.googleapis.com","reason":"Needed for scheduled functions."}]}
[info] i  functions: preparing functions directory for uploading... 
[info] i  functions: packaged C:\Users\sharo\truckit\functions (36.95 KB) for uploading 
[debug] [2024-05-30T23:58:27.996Z] >>> [apiv2][query] GET https://cloudfunctions.googleapis.com/v1/projects/truck-it-bf0b2/locations/-/functions [none]
[debug] [2024-05-30T23:58:30.926Z] <<< [apiv2][status] GET https://cloudfunctions.googleapis.com/v1/projects/truck-it-bf0b2/locations/-/functions 200
[debug] [2024-05-30T23:58:30.927Z] <<< [apiv2][body] GET https://cloudfunctions.googleapis.com/v1/projects/truck-it-bf0b2/locations/-/functions {"functions":[{"name":"projects/truck-it-bf0b2/locations/us-central1/functions/getCountries","httpsTrigger":{"url":"https://us-central1-truck-it-bf0b2.cloudfunctions.net/getCountries","securityLevel":"SECURE_ALWAYS"},"status":"OFFLINE","entryPoint":"getCountries","timeout":"60s","availableMemoryMb":256,"serviceAccountEmail":"truck-it-bf0b2@appspot.gserviceaccount.com","updateTime":"2024-05-30T23:32:54.541Z","versionId":"2","labels":{"deployment-tool":"cli-firebase","firebase-functions-hash":"9dbccb455f87756601cdee9f64855b3c782ed151"},"sourceUploadUrl":"https://storage.googleapis.com/uploads-536595928110.us-central1.cloudfunctions.appspot.com/6b1af9b3-5b7a-4c9b-b045-75a530fc0707.zip","environmentVariables":{"FIREBASE_CONFIG":"{\"projectId\":\"truck-it-bf0b2\",\"storageBucket\":\"truck-it-bf0b2.appspot.com\",\"locationId\":\"us-central\"}","GCLOUD_PROJECT":"truck-it-bf0b2","EVENTARC_CLOUD_EVENT_SOURCE":"projects/truck-it-bf0b2/locations/us-central1/functions/getCountries"},"runtime":"nodejs18","ingressSettings":"ALLOW_ALL","buildId":"272f697a-2a0d-440c-bf9a-bc1c85aff7de","buildEnvironmentVariables":{"GOOGLE_NODE_RUN_SCRIPTS":""},"buildName":"projects/444807794647/locations/us-central1/builds/272f697a-2a0d-440c-bf9a-bc1c85aff7de","dockerRegistry":"ARTIFACT_REGISTRY","automaticUpdatePolicy":{}},{"name":"projects/truck-it-bf0b2/locations/us-central1/functions/getOpenExchangeCurrency","eventTrigger":{"eventType":"google.pubsub.topic.publish","resource":"projects/truck-it-bf0b2/topics/firebase-schedule-getOpenExchangeCurrency-us-central1","service":"pubsub.googleapis.com","failurePolicy":{}},"status":"OFFLINE","entryPoint":"getOpenExchangeCurrency","timeout":"60s","availableMemoryMb":256,"serviceAccountEmail":"truck-it-bf0b2@appspot.gserviceaccount.com","updateTime":"2024-05-27T06:29:21.753Z","versionId":"5","labels":{"deployment-tool":"cli-firebase","deployment-scheduled":"true","firebase-functions-hash":"9dbccb455f87756601cdee9f64855b3c782ed151"},"sourceUploadUrl":"https://storage.googleapis.com/uploads-536595928110.us-central1.cloudfunctions.appspot.com/6b1af9b3-5b7a-4c9b-b045-75a530fc0707.zip","environmentVariables":{"FIREBASE_CONFIG":"{\"projectId\":\"truck-it-bf0b2\",\"storageBucket\":\"truck-it-bf0b2.appspot.com\",\"locationId\":\"us-central\"}","GCLOUD_PROJECT":"truck-it-bf0b2","EVENTARC_CLOUD_EVENT_SOURCE":"projects/truck-it-bf0b2/locations/us-central1/functions/getOpenExchangeCurrency"},"runtime":"nodejs18","maxInstances":3000,"ingressSettings":"ALLOW_ALL","buildId":"0cb14ef3-db7e-433e-95ca-3c2c17564ee8","buildEnvironmentVariables":{"GOOGLE_NODE_RUN_SCRIPTS":""},"buildName":"projects/444807794647/locations/us-central1/builds/0cb14ef3-db7e-433e-95ca-3c2c17564ee8","dockerRegistry":"ARTIFACT_REGISTRY","automaticUpdatePolicy":{}},{"name":"projects/truck-it-bf0b2/locations/us-central1/functions/updateTripStatus","eventTrigger":{"eventType":"google.pubsub.topic.publish","resource":"projects/truck-it-bf0b2/topics/firebase-schedule-updateTripStatus-us-central1","service":"pubsub.googleapis.com","failurePolicy":{}},"status":"OFFLINE","entryPoint":"updateTripStatus","timeout":"60s","availableMemoryMb":256,"serviceAccountEmail":"truck-it-bf0b2@appspot.gserviceaccount.com","updateTime":"2024-05-04T11:30:42.514Z","versionId":"3","labels":{"deployment-tool":"cli-firebase","deployment-scheduled":"true","firebase-functions-hash":"fe1269067a2a43041bac65c6b13b25449681e48a"},"sourceUploadUrl":"https://storage.googleapis.com/uploads-536595928110.us-central1.cloudfunctions.appspot.com/535a2c60-24a6-475c-b6d2-bfc4ef4a6f6f.zip","environmentVariables":{"FIREBASE_CONFIG":"{\"projectId\":\"truck-it-bf0b2\",\"storageBucket\":\"truck-it-bf0b2.appspot.com\",\"locationId\":\"us-central\"}","GCLOUD_PROJECT":"truck-it-bf0b2","EVENTARC_CLOUD_EVENT_SOURCE":"projects/truck-it-bf0b2/locations/us-central1/functions/updateTripStatus"},"runtime":"nodejs18","maxInstances":3000,"ingressSettings":"ALLOW_ALL","buildId":"fe699ca3-45d3-40f8-9018-015981decaca","buildEnvironmentVariables":{"GOOGLE_NODE_RUN_SCRIPTS":""},"buildName":"projects/444807794647/locations/us-central1/builds/fe699ca3-45d3-40f8-9018-015981decaca","dockerRegistry":"ARTIFACT_REGISTRY","automaticUpdatePolicy":{}}]}
[debug] [2024-05-30T23:58:30.933Z] >>> [apiv2][query] GET https://cloudfunctions.googleapis.com/v2/projects/truck-it-bf0b2/locations/-/functions filter=environment%3D%22GEN_2%22
[debug] [2024-05-30T23:58:32.059Z] <<< [apiv2][status] GET https://cloudfunctions.googleapis.com/v2/projects/truck-it-bf0b2/locations/-/functions 200
[debug] [2024-05-30T23:58:32.060Z] <<< [apiv2][body] GET https://cloudfunctions.googleapis.com/v2/projects/truck-it-bf0b2/locations/-/functions {"functions":[{"name":"projects/truck-it-bf0b2/locations/us-central1/functions/ssrtruckitbf0b2","buildConfig":{"build":"projects/444807794647/locations/us-central1/builds/0802e8ba-1b2a-48c1-b162-7a14b6052a5c","runtime":"nodejs20","entryPoint":"ssrtruckitbf0b2","source":{"storageSource":{"bucket":"gcf-v2-sources-444807794647-us-central1","object":"ssrtruckitbf0b2/function-source.zip","generation":"1710746988117928"}},"environmentVariables":{"GOOGLE_NODE_RUN_SCRIPTS":""},"dockerRepository":"projects/truck-it-bf0b2/locations/us-central1/repositories/gcf-artifacts","sourceProvenance":{"resolvedStorageSource":{"bucket":"gcf-v2-sources-444807794647-us-central1","object":"ssrtruckitbf0b2/function-source.zip","generation":"1710746988117928"}},"dockerRegistry":"ARTIFACT_REGISTRY"},"state":"FAILED","updateTime":"2024-04-09T07:00:34.094654600Z","labels":{"deployment-tool":"cli-firebase","firebase-functions-codebase":"firebase-frameworks-truck-it-bf0b2","firebase-functions-hash":"b3d91f1e8661230361c9a164e297256ffe88671c"},"stateMessages":[{"severity":"ERROR","type":"CloudRunServiceNotFound","message":"Cloud Run service projects/truck-it-bf0b2/locations/us-central1/services/ssrtruckitbf0b2 for the function was not found. The function will not work correctly. Please redeploy."}],"environment":"GEN_2","url":"https://us-central1-truck-it-bf0b2.cloudfunctions.net/ssrtruckitbf0b2","createTime":"2024-03-18T07:29:48.442327102Z"}]}
[info] i  functions: ensuring required API cloudscheduler.googleapis.com is enabled... 
[debug] [2024-05-30T23:58:32.066Z] >>> [apiv2][query] GET https://serviceusage.googleapis.com/v1/projects/truck-it-bf0b2/services/cloudscheduler.googleapis.com [none]
[debug] [2024-05-30T23:58:32.067Z] >>> [apiv2][(partial)header] GET https://serviceusage.googleapis.com/v1/projects/truck-it-bf0b2/services/cloudscheduler.googleapis.com x-goog-quota-user=projects/truck-it-bf0b2
[debug] [2024-05-30T23:58:34.297Z] <<< [apiv2][status] GET https://serviceusage.googleapis.com/v1/projects/truck-it-bf0b2/services/cloudscheduler.googleapis.com 200
[debug] [2024-05-30T23:58:34.297Z] <<< [apiv2][body] GET https://serviceusage.googleapis.com/v1/projects/truck-it-bf0b2/services/cloudscheduler.googleapis.com [omitted]
[info] +  functions: required API cloudscheduler.googleapis.com is enabled 
[debug] [2024-05-30T23:58:34.300Z] >>> [apiv2][query] GET https://firebase.googleapis.com/v1beta1/projects/truck-it-bf0b2 [none]
[debug] [2024-05-30T23:58:35.532Z] <<< [apiv2][status] GET https://firebase.googleapis.com/v1beta1/projects/truck-it-bf0b2 200
[debug] [2024-05-30T23:58:35.532Z] <<< [apiv2][body] GET https://firebase.googleapis.com/v1beta1/projects/truck-it-bf0b2 {"projectId":"truck-it-bf0b2","projectNumber":"444807794647","displayName":"Truck IT","name":"projects/truck-it-bf0b2","resources":{"hostingSite":"truck-it-bf0b2","storageBucket":"truck-it-bf0b2.appspot.com","locationId":"us-central"},"state":"ACTIVE","etag":"1_8bfccb06-8f12-4cce-ae13-5c0a2f60b47a"}
[debug] [2024-05-30T23:58:35.534Z] >>> [apiv2][query] POST https://cloudfunctions.googleapis.com/v1/projects/truck-it-bf0b2/locations/us-central1/functions:generateUploadUrl [none]
[debug] [2024-05-30T23:58:35.535Z] >>> [apiv2][body] POST https://cloudfunctions.googleapis.com/v1/projects/truck-it-bf0b2/locations/us-central1/functions:generateUploadUrl {}
[debug] [2024-05-30T23:58:36.198Z] <<< [apiv2][status] POST https://cloudfunctions.googleapis.com/v1/projects/truck-it-bf0b2/locations/us-central1/functions:generateUploadUrl 200
[debug] [2024-05-30T23:58:36.199Z] <<< [apiv2][body] POST https://cloudfunctions.googleapis.com/v1/projects/truck-it-bf0b2/locations/us-central1/functions:generateUploadUrl {"uploadUrl":"https://storage.googleapis.com/uploads-536595928110.us-central1.cloudfunctions.appspot.com/c651b90d-46df-4b9e-b812-fa4250974d33.zip?GoogleAccessId=service-444807794647@gcf-admin-robot.iam.gserviceaccount.com&Expires=1717115314&Signature=NhLwcxGUqT%2BIvYiKnoW1Uwzf7ZgaQA3L2V3fbMVI4MyZcPeQdC0ppL9FnNMXCJBh5ViUgb5rleYEcdizVIU7rFfSldxoaUix%2BCp9O%2BtYcep2u59bOaF761oMJJGudQGu2tQMfxWIxQFec%2FqK6J754JwYtrjfuFWQrq%2FUgFxO2hul7gGRHV4AkZNniVUqou4AujP2LhCQ90fADmXQJlxEQd6ShZZUYF0ouG4dAxVTVPekdf0tQ7yYrStjJ89m9z%2BXjfWRjdpE0JxgcZOQAJAzlM34D5Tzrj3pYFyv60PAd69zOtRtYkw6RmuUxxMq5F%2F5itH9SBauD4yyuelKB4zEWw%3D%3D"}
[debug] [2024-05-30T23:58:36.201Z] >>> [apiv2][query] PUT https://storage.googleapis.com/uploads-536595928110.us-central1.cloudfunctions.appspot.com/c651b90d-46df-4b9e-b812-fa4250974d33.zip GoogleAccessId=service-444807794647%40gcf-admin-robot.iam.gserviceaccount.com&Expires=1717115314&Signature=NhLwcxGUqT%2BIvYiKnoW1Uwzf7ZgaQA3L2V3fbMVI4MyZcPeQdC0ppL9FnNMXCJBh5ViUgb5rleYEcdizVIU7rFfSldxoaUix%2BCp9O%2BtYcep2u59bOaF761oMJJGudQGu2tQMfxWIxQFec%2FqK6J754JwYtrjfuFWQrq%2FUgFxO2hul7gGRHV4AkZNniVUqou4AujP2LhCQ90fADmXQJlxEQd6ShZZUYF0ouG4dAxVTVPekdf0tQ7yYrStjJ89m9z%2BXjfWRjdpE0JxgcZOQAJAzlM34D5Tzrj3pYFyv60PAd69zOtRtYkw6RmuUxxMq5F%2F5itH9SBauD4yyuelKB4zEWw%3D%3D
[debug] [2024-05-30T23:58:36.203Z] >>> [apiv2][body] PUT https://storage.googleapis.com/uploads-536595928110.us-central1.cloudfunctions.appspot.com/c651b90d-46df-4b9e-b812-fa4250974d33.zip [stream]
[debug] [2024-05-30T23:58:37.114Z] <<< [apiv2][status] PUT https://storage.googleapis.com/uploads-536595928110.us-central1.cloudfunctions.appspot.com/c651b90d-46df-4b9e-b812-fa4250974d33.zip 200
[debug] [2024-05-30T23:58:37.116Z] <<< [apiv2][body] PUT https://storage.googleapis.com/uploads-536595928110.us-central1.cloudfunctions.appspot.com/c651b90d-46df-4b9e-b812-fa4250974d33.zip [omitted]
[info] +  functions: functions folder uploaded successfully 
[info] 
The following functions are found in your project but do not exist in your local source code:
	updateTripStatus(us-central1)

If you are renaming a function or changing its region, it is recommended that you create the new function first before deleting the old one to prevent event loss. For more info, visit https://firebase.google.com/docs/functions/manage-functions#modify

[info] i  functions: updating Node.js 18 (1st Gen) function getOpenExchangeCurrency(us-central1)... 
[info] i  functions: updating Node.js 18 (1st Gen) function getCountries(us-central1)... 
[info] i  functions: deleting Node.js 18 (1st Gen) function updateTripStatus(us-central1)... 
[debug] [2024-05-30T23:58:50.867Z] >>> [apiv2][query] DELETE https://cloudscheduler.googleapis.com/v1/projects/truck-it-bf0b2/locations/us-central1/jobs/firebase-schedule-updateTripStatus-us-central1 [none]
[debug] [2024-05-30T23:58:50.869Z] >>> [apiv2][query] PATCH https://cloudfunctions.googleapis.com/v1/projects/truck-it-bf0b2/locations/us-central1/functions/getOpenExchangeCurrency updateMask=name%2CsourceUploadUrl%2CentryPoint%2Cruntime%2CdockerRegistry%2Clabels%2CeventTrigger.eventType%2CeventTrigger.resource%2CminInstances%2CmaxInstances%2CingressSettings%2CenvironmentVariables%2CserviceAccountEmail%2CavailableMemoryMb%2Ctimeout%2CvpcConnector%2CvpcConnectorEgressSettings%2CsourceToken%2CbuildEnvironmentVariables
[debug] [2024-05-30T23:58:50.870Z] >>> [apiv2][body] PATCH https://cloudfunctions.googleapis.com/v1/projects/truck-it-bf0b2/locations/us-central1/functions/getOpenExchangeCurrency {"name":"projects/truck-it-bf0b2/locations/us-central1/functions/getOpenExchangeCurrency","sourceUploadUrl":"https://storage.googleapis.com/uploads-536595928110.us-central1.cloudfunctions.appspot.com/c651b90d-46df-4b9e-b812-fa4250974d33.zip?GoogleAccessId=service-444807794647@gcf-admin-robot.iam.gserviceaccount.com&Expires=1717115314&Signature=NhLwcxGUqT%2BIvYiKnoW1Uwzf7ZgaQA3L2V3fbMVI4MyZcPeQdC0ppL9FnNMXCJBh5ViUgb5rleYEcdizVIU7rFfSldxoaUix%2BCp9O%2BtYcep2u59bOaF761oMJJGudQGu2tQMfxWIxQFec%2FqK6J754JwYtrjfuFWQrq%2FUgFxO2hul7gGRHV4AkZNniVUqou4AujP2LhCQ90fADmXQJlxEQd6ShZZUYF0ouG4dAxVTVPekdf0tQ7yYrStjJ89m9z%2BXjfWRjdpE0JxgcZOQAJAzlM34D5Tzrj3pYFyv60PAd69zOtRtYkw6RmuUxxMq5F%2F5itH9SBauD4yyuelKB4zEWw%3D%3D","entryPoint":"getOpenExchangeCurrency","runtime":"nodejs18","dockerRegistry":"ARTIFACT_REGISTRY","labels":{"deployment-tool":"cli-firebase","deployment-scheduled":"true","firebase-functions-hash":"e36aacb58fe5b2789ebeb52872ac8156ab5085dd"},"eventTrigger":{"eventType":"google.pubsub.topic.publish","resource":"projects/truck-it-bf0b2/topics/firebase-schedule-getOpenExchangeCurrency-us-central1"},"minInstances":null,"maxInstances":null,"ingressSettings":null,"environmentVariables":{"FIREBASE_CONFIG":"{\"projectId\":\"truck-it-bf0b2\",\"storageBucket\":\"truck-it-bf0b2.appspot.com\",\"locationId\":\"us-central\"}","GCLOUD_PROJECT":"truck-it-bf0b2","EVENTARC_CLOUD_EVENT_SOURCE":"projects/truck-it-bf0b2/locations/us-central1/functions/getOpenExchangeCurrency"},"serviceAccountEmail":null,"availableMemoryMb":null,"timeout":null,"vpcConnector":null,"vpcConnectorEgressSettings":null,"buildEnvironmentVariables":{"GOOGLE_NODE_RUN_SCRIPTS":""}}
[debug] [2024-05-30T23:58:52.409Z] <<< [apiv2][status] PATCH https://cloudfunctions.googleapis.com/v1/projects/truck-it-bf0b2/locations/us-central1/functions/getOpenExchangeCurrency 200
[debug] [2024-05-30T23:58:52.411Z] <<< [apiv2][body] PATCH https://cloudfunctions.googleapis.com/v1/projects/truck-it-bf0b2/locations/us-central1/functions/getOpenExchangeCurrency {"name":"operations/dHJ1Y2staXQtYmYwYjIvdXMtY2VudHJhbDEvZ2V0T3BlbkV4Y2hhbmdlQ3VycmVuY3kvOEF6aXNFeGJNRkU","metadata":{"@type":"type.googleapis.com/google.cloud.functions.v1.OperationMetadataV1","target":"projects/truck-it-bf0b2/locations/us-central1/functions/getOpenExchangeCurrency","type":"UPDATE_FUNCTION","request":{"@type":"type.googleapis.com/google.cloud.functions.v1.CloudFunction","name":"projects/truck-it-bf0b2/locations/us-central1/functions/getOpenExchangeCurrency","eventTrigger":{"eventType":"google.pubsub.topic.publish","resource":"projects/truck-it-bf0b2/topics/firebase-schedule-getOpenExchangeCurrency-us-central1","service":"pubsub.googleapis.com","failurePolicy":{}},"status":"OFFLINE","entryPoint":"getOpenExchangeCurrency","updateTime":"2024-05-27T06:29:21.753Z","versionId":"5","labels":{"deployment-tool":"cli-firebase","deployment-scheduled":"true","firebase-functions-hash":"e36aacb58fe5b2789ebeb52872ac8156ab5085dd"},"sourceUploadUrl":"https://storage.googleapis.com/uploads-536595928110.us-central1.cloudfunctions.appspot.com/c651b90d-46df-4b9e-b812-fa4250974d33.zip?GoogleAccessId=service-444807794647@gcf-admin-robot.iam.gserviceaccount.com&Expires=1717115314&Signature=NhLwcxGUqT%2BIvYiKnoW1Uwzf7ZgaQA3L2V3fbMVI4MyZcPeQdC0ppL9FnNMXCJBh5ViUgb5rleYEcdizVIU7rFfSldxoaUix%2BCp9O%2BtYcep2u59bOaF761oMJJGudQGu2tQMfxWIxQFec%2FqK6J754JwYtrjfuFWQrq%2FUgFxO2hul7gGRHV4AkZNniVUqou4AujP2LhCQ90fADmXQJlxEQd6ShZZUYF0ouG4dAxVTVPekdf0tQ7yYrStjJ89m9z%2BXjfWRjdpE0JxgcZOQAJAzlM34D5Tzrj3pYFyv60PAd69zOtRtYkw6RmuUxxMq5F%2F5itH9SBauD4yyuelKB4zEWw%3D%3D","environmentVariables":{"FIREBASE_CONFIG":"{\"projectId\":\"truck-it-bf0b2\",\"storageBucket\":\"truck-it-bf0b2.appspot.com\",\"locationId\":\"us-central\"}","GCLOUD_PROJECT":"truck-it-bf0b2","EVENTARC_CLOUD_EVENT_SOURCE":"projects/truck-it-bf0b2/locations/us-central1/functions/getOpenExchangeCurrency"},"runtime":"nodejs18","buildId":"0cb14ef3-db7e-433e-95ca-3c2c17564ee8","buildEnvironmentVariables":{"GOOGLE_NODE_RUN_SCRIPTS":""},"buildName":"projects/444807794647/locations/us-central1/builds/0cb14ef3-db7e-433e-95ca-3c2c17564ee8","dockerRegistry":"ARTIFACT_REGISTRY","automaticUpdatePolicy":{}},"versionId":"6","updateTime":"2024-05-30T23:58:50Z"}}
[debug] [2024-05-30T23:58:52.415Z] >>> [apiv2][query] GET https://cloudfunctions.googleapis.com/v1/operations/dHJ1Y2staXQtYmYwYjIvdXMtY2VudHJhbDEvZ2V0T3BlbkV4Y2hhbmdlQ3VycmVuY3kvOEF6aXNFeGJNRkU [none]
[debug] [2024-05-30T23:58:52.925Z] <<< [apiv2][status] GET https://cloudfunctions.googleapis.com/v1/operations/dHJ1Y2staXQtYmYwYjIvdXMtY2VudHJhbDEvZ2V0T3BlbkV4Y2hhbmdlQ3VycmVuY3kvOEF6aXNFeGJNRkU 200
[debug] [2024-05-30T23:58:52.926Z] <<< [apiv2][body] GET https://cloudfunctions.googleapis.com/v1/operations/dHJ1Y2staXQtYmYwYjIvdXMtY2VudHJhbDEvZ2V0T3BlbkV4Y2hhbmdlQ3VycmVuY3kvOEF6aXNFeGJNRkU {"name":"operations/dHJ1Y2staXQtYmYwYjIvdXMtY2VudHJhbDEvZ2V0T3BlbkV4Y2hhbmdlQ3VycmVuY3kvOEF6aXNFeGJNRkU","metadata":{"@type":"type.googleapis.com/google.cloud.functions.v1.OperationMetadataV1","target":"projects/truck-it-bf0b2/locations/us-central1/functions/getOpenExchangeCurrency","type":"UPDATE_FUNCTION","request":{"@type":"type.googleapis.com/google.cloud.functions.v1.CloudFunction","name":"projects/truck-it-bf0b2/locations/us-central1/functions/getOpenExchangeCurrency","eventTrigger":{"eventType":"google.pubsub.topic.publish","resource":"projects/truck-it-bf0b2/topics/firebase-schedule-getOpenExchangeCurrency-us-central1","service":"pubsub.googleapis.com","failurePolicy":{}},"status":"OFFLINE","entryPoint":"getOpenExchangeCurrency","updateTime":"2024-05-27T06:29:21.753Z","versionId":"5","labels":{"deployment-tool":"cli-firebase","deployment-scheduled":"true","firebase-functions-hash":"e36aacb58fe5b2789ebeb52872ac8156ab5085dd"},"sourceUploadUrl":"https://storage.googleapis.com/uploads-536595928110.us-central1.cloudfunctions.appspot.com/c651b90d-46df-4b9e-b812-fa4250974d33.zip?GoogleAccessId=service-444807794647@gcf-admin-robot.iam.gserviceaccount.com&Expires=1717115314&Signature=NhLwcxGUqT%2BIvYiKnoW1Uwzf7ZgaQA3L2V3fbMVI4MyZcPeQdC0ppL9FnNMXCJBh5ViUgb5rleYEcdizVIU7rFfSldxoaUix%2BCp9O%2BtYcep2u59bOaF761oMJJGudQGu2tQMfxWIxQFec%2FqK6J754JwYtrjfuFWQrq%2FUgFxO2hul7gGRHV4AkZNniVUqou4AujP2LhCQ90fADmXQJlxEQd6ShZZUYF0ouG4dAxVTVPekdf0tQ7yYrStjJ89m9z%2BXjfWRjdpE0JxgcZOQAJAzlM34D5Tzrj3pYFyv60PAd69zOtRtYkw6RmuUxxMq5F%2F5itH9SBauD4yyuelKB4zEWw%3D%3D","environmentVariables":{"FIREBASE_CONFIG":"{\"projectId\":\"truck-it-bf0b2\",\"storageBucket\":\"truck-it-bf0b2.appspot.com\",\"locationId\":\"us-central\"}","GCLOUD_PROJECT":"truck-it-bf0b2","EVENTARC_CLOUD_EVENT_SOURCE":"projects/truck-it-bf0b2/locations/us-central1/functions/getOpenExchangeCurrency"},"runtime":"nodejs18","buildId":"0cb14ef3-db7e-433e-95ca-3c2c17564ee8","buildEnvironmentVariables":{"GOOGLE_NODE_RUN_SCRIPTS":""},"buildName":"projects/444807794647/locations/us-central1/builds/0cb14ef3-db7e-433e-95ca-3c2c17564ee8","dockerRegistry":"ARTIFACT_REGISTRY","automaticUpdatePolicy":{}},"versionId":"6","updateTime":"2024-05-30T23:58:50Z"}}
[debug] [2024-05-30T23:58:53.434Z] [update-default-us-central1-getOpenExchangeCurrency] Retrying task index 0
[debug] [2024-05-30T23:58:53.435Z] >>> [apiv2][query] GET https://cloudfunctions.googleapis.com/v1/operations/dHJ1Y2staXQtYmYwYjIvdXMtY2VudHJhbDEvZ2V0T3BlbkV4Y2hhbmdlQ3VycmVuY3kvOEF6aXNFeGJNRkU [none]
[debug] [2024-05-30T23:58:53.953Z] <<< [apiv2][status] GET https://cloudfunctions.googleapis.com/v1/operations/dHJ1Y2staXQtYmYwYjIvdXMtY2VudHJhbDEvZ2V0T3BlbkV4Y2hhbmdlQ3VycmVuY3kvOEF6aXNFeGJNRkU 200
[debug] [2024-05-30T23:58:53.954Z] <<< [apiv2][body] GET https://cloudfunctions.googleapis.com/v1/operations/dHJ1Y2staXQtYmYwYjIvdXMtY2VudHJhbDEvZ2V0T3BlbkV4Y2hhbmdlQ3VycmVuY3kvOEF6aXNFeGJNRkU {"name":"operations/dHJ1Y2staXQtYmYwYjIvdXMtY2VudHJhbDEvZ2V0T3BlbkV4Y2hhbmdlQ3VycmVuY3kvOEF6aXNFeGJNRkU","metadata":{"@type":"type.googleapis.com/google.cloud.functions.v1.OperationMetadataV1","target":"projects/truck-it-bf0b2/locations/us-central1/functions/getOpenExchangeCurrency","type":"UPDATE_FUNCTION","request":{"@type":"type.googleapis.com/google.cloud.functions.v1.CloudFunction","name":"projects/truck-it-bf0b2/locations/us-central1/functions/getOpenExchangeCurrency","eventTrigger":{"eventType":"google.pubsub.topic.publish","resource":"projects/truck-it-bf0b2/topics/firebase-schedule-getOpenExchangeCurrency-us-central1","service":"pubsub.googleapis.com","failurePolicy":{}},"status":"OFFLINE","entryPoint":"getOpenExchangeCurrency","updateTime":"2024-05-27T06:29:21.753Z","versionId":"5","labels":{"deployment-tool":"cli-firebase","deployment-scheduled":"true","firebase-functions-hash":"e36aacb58fe5b2789ebeb52872ac8156ab5085dd"},"sourceUploadUrl":"https://storage.googleapis.com/uploads-536595928110.us-central1.cloudfunctions.appspot.com/c651b90d-46df-4b9e-b812-fa4250974d33.zip?GoogleAccessId=service-444807794647@gcf-admin-robot.iam.gserviceaccount.com&Expires=1717115314&Signature=NhLwcxGUqT%2BIvYiKnoW1Uwzf7ZgaQA3L2V3fbMVI4MyZcPeQdC0ppL9FnNMXCJBh5ViUgb5rleYEcdizVIU7rFfSldxoaUix%2BCp9O%2BtYcep2u59bOaF761oMJJGudQGu2tQMfxWIxQFec%2FqK6J754JwYtrjfuFWQrq%2FUgFxO2hul7gGRHV4AkZNniVUqou4AujP2LhCQ90fADmXQJlxEQd6ShZZUYF0ouG4dAxVTVPekdf0tQ7yYrStjJ89m9z%2BXjfWRjdpE0JxgcZOQAJAzlM34D5Tzrj3pYFyv60PAd69zOtRtYkw6RmuUxxMq5F%2F5itH9SBauD4yyuelKB4zEWw%3D%3D","environmentVariables":{"FIREBASE_CONFIG":"{\"projectId\":\"truck-it-bf0b2\",\"storageBucket\":\"truck-it-bf0b2.appspot.com\",\"locationId\":\"us-central\"}","GCLOUD_PROJECT":"truck-it-bf0b2","EVENTARC_CLOUD_EVENT_SOURCE":"projects/truck-it-bf0b2/locations/us-central1/functions/getOpenExchangeCurrency"},"runtime":"nodejs18","buildId":"0cb14ef3-db7e-433e-95ca-3c2c17564ee8","buildEnvironmentVariables":{"GOOGLE_NODE_RUN_SCRIPTS":""},"buildName":"projects/444807794647/locations/us-central1/builds/0cb14ef3-db7e-433e-95ca-3c2c17564ee8","dockerRegistry":"ARTIFACT_REGISTRY","automaticUpdatePolicy":{}},"versionId":"6","updateTime":"2024-05-30T23:58:50Z","buildId":"75d3441e-27ac-450a-ba54-c2db2361a606","buildName":"projects/444807794647/locations/us-central1/builds/75d3441e-27ac-450a-ba54-c2db2361a606"}}
[debug] [2024-05-30T23:58:54.960Z] [update-default-us-central1-getOpenExchangeCurrency] Retrying task index 0
[debug] [2024-05-30T23:58:54.963Z] >>> [apiv2][query] GET https://cloudfunctions.googleapis.com/v1/operations/dHJ1Y2staXQtYmYwYjIvdXMtY2VudHJhbDEvZ2V0T3BlbkV4Y2hhbmdlQ3VycmVuY3kvOEF6aXNFeGJNRkU [none]
[debug] [2024-05-30T23:58:55.388Z] <<< [apiv2][status] GET https://cloudfunctions.googleapis.com/v1/operations/dHJ1Y2staXQtYmYwYjIvdXMtY2VudHJhbDEvZ2V0T3BlbkV4Y2hhbmdlQ3VycmVuY3kvOEF6aXNFeGJNRkU 200
[debug] [2024-05-30T23:58:55.389Z] <<< [apiv2][body] GET https://cloudfunctions.googleapis.com/v1/operations/dHJ1Y2staXQtYmYwYjIvdXMtY2VudHJhbDEvZ2V0T3BlbkV4Y2hhbmdlQ3VycmVuY3kvOEF6aXNFeGJNRkU {"name":"operations/dHJ1Y2staXQtYmYwYjIvdXMtY2VudHJhbDEvZ2V0T3BlbkV4Y2hhbmdlQ3VycmVuY3kvOEF6aXNFeGJNRkU","metadata":{"@type":"type.googleapis.com/google.cloud.functions.v1.OperationMetadataV1","target":"projects/truck-it-bf0b2/locations/us-central1/functions/getOpenExchangeCurrency","type":"UPDATE_FUNCTION","request":{"@type":"type.googleapis.com/google.cloud.functions.v1.CloudFunction","name":"projects/truck-it-bf0b2/locations/us-central1/functions/getOpenExchangeCurrency","eventTrigger":{"eventType":"google.pubsub.topic.publish","resource":"projects/truck-it-bf0b2/topics/firebase-schedule-getOpenExchangeCurrency-us-central1","service":"pubsub.googleapis.com","failurePolicy":{}},"status":"OFFLINE","entryPoint":"getOpenExchangeCurrency","updateTime":"2024-05-27T06:29:21.753Z","versionId":"5","labels":{"deployment-tool":"cli-firebase","deployment-scheduled":"true","firebase-functions-hash":"e36aacb58fe5b2789ebeb52872ac8156ab5085dd"},"sourceUploadUrl":"https://storage.googleapis.com/uploads-536595928110.us-central1.cloudfunctions.appspot.com/c651b90d-46df-4b9e-b812-fa4250974d33.zip?GoogleAccessId=service-444807794647@gcf-admin-robot.iam.gserviceaccount.com&Expires=1717115314&Signature=NhLwcxGUqT%2BIvYiKnoW1Uwzf7ZgaQA3L2V3fbMVI4MyZcPeQdC0ppL9FnNMXCJBh5ViUgb5rleYEcdizVIU7rFfSldxoaUix%2BCp9O%2BtYcep2u59bOaF761oMJJGudQGu2tQMfxWIxQFec%2FqK6J754JwYtrjfuFWQrq%2FUgFxO2hul7gGRHV4AkZNniVUqou4AujP2LhCQ90fADmXQJlxEQd6ShZZUYF0ouG4dAxVTVPekdf0tQ7yYrStjJ89m9z%2BXjfWRjdpE0JxgcZOQAJAzlM34D5Tzrj3pYFyv60PAd69zOtRtYkw6RmuUxxMq5F%2F5itH9SBauD4yyuelKB4zEWw%3D%3D","environmentVariables":{"FIREBASE_CONFIG":"{\"projectId\":\"truck-it-bf0b2\",\"storageBucket\":\"truck-it-bf0b2.appspot.com\",\"locationId\":\"us-central\"}","GCLOUD_PROJECT":"truck-it-bf0b2","EVENTARC_CLOUD_EVENT_SOURCE":"projects/truck-it-bf0b2/locations/us-central1/functions/getOpenExchangeCurrency"},"runtime":"nodejs18","buildId":"0cb14ef3-db7e-433e-95ca-3c2c17564ee8","buildEnvironmentVariables":{"GOOGLE_NODE_RUN_SCRIPTS":""},"buildName":"projects/444807794647/locations/us-central1/builds/0cb14ef3-db7e-433e-95ca-3c2c17564ee8","dockerRegistry":"ARTIFACT_REGISTRY","automaticUpdatePolicy":{}},"versionId":"6","updateTime":"2024-05-30T23:58:50Z","buildId":"75d3441e-27ac-450a-ba54-c2db2361a606","buildName":"projects/444807794647/locations/us-central1/builds/75d3441e-27ac-450a-ba54-c2db2361a606"}}
[debug] [2024-05-30T23:58:56.241Z] <<< [apiv2][status] DELETE https://cloudscheduler.googleapis.com/v1/projects/truck-it-bf0b2/locations/us-central1/jobs/firebase-schedule-updateTripStatus-us-central1 404
[debug] [2024-05-30T23:58:56.243Z] <<< [apiv2][body] DELETE https://cloudscheduler.googleapis.com/v1/projects/truck-it-bf0b2/locations/us-central1/jobs/firebase-schedule-updateTripStatus-us-central1 {"error":{"code":404,"message":"Job not found.","status":"NOT_FOUND"}}
[error] HTTP Error: 404, Job not found.
[debug] [2024-05-30T23:58:57.395Z] [update-default-us-central1-getOpenExchangeCurrency] Retrying task index 0
[debug] [2024-05-30T23:58:57.397Z] >>> [apiv2][query] GET https://cloudfunctions.googleapis.com/v1/operations/dHJ1Y2staXQtYmYwYjIvdXMtY2VudHJhbDEvZ2V0T3BlbkV4Y2hhbmdlQ3VycmVuY3kvOEF6aXNFeGJNRkU [none]
[debug] [2024-05-30T23:58:58.036Z] <<< [apiv2][status] GET https://cloudfunctions.googleapis.com/v1/operations/dHJ1Y2staXQtYmYwYjIvdXMtY2VudHJhbDEvZ2V0T3BlbkV4Y2hhbmdlQ3VycmVuY3kvOEF6aXNFeGJNRkU 200
[debug] [2024-05-30T23:58:58.037Z] <<< [apiv2][body] GET https://cloudfunctions.googleapis.com/v1/operations/dHJ1Y2staXQtYmYwYjIvdXMtY2VudHJhbDEvZ2V0T3BlbkV4Y2hhbmdlQ3VycmVuY3kvOEF6aXNFeGJNRkU {"name":"operations/dHJ1Y2staXQtYmYwYjIvdXMtY2VudHJhbDEvZ2V0T3BlbkV4Y2hhbmdlQ3VycmVuY3kvOEF6aXNFeGJNRkU","metadata":{"@type":"type.googleapis.com/google.cloud.functions.v1.OperationMetadataV1","target":"projects/truck-it-bf0b2/locations/us-central1/functions/getOpenExchangeCurrency","type":"UPDATE_FUNCTION","request":{"@type":"type.googleapis.com/google.cloud.functions.v1.CloudFunction","name":"projects/truck-it-bf0b2/locations/us-central1/functions/getOpenExchangeCurrency","eventTrigger":{"eventType":"google.pubsub.topic.publish","resource":"projects/truck-it-bf0b2/topics/firebase-schedule-getOpenExchangeCurrency-us-central1","service":"pubsub.googleapis.com","failurePolicy":{}},"status":"OFFLINE","entryPoint":"getOpenExchangeCurrency","updateTime":"2024-05-27T06:29:21.753Z","versionId":"5","labels":{"deployment-tool":"cli-firebase","deployment-scheduled":"true","firebase-functions-hash":"e36aacb58fe5b2789ebeb52872ac8156ab5085dd"},"sourceUploadUrl":"https://storage.googleapis.com/uploads-536595928110.us-central1.cloudfunctions.appspot.com/c651b90d-46df-4b9e-b812-fa4250974d33.zip?GoogleAccessId=service-444807794647@gcf-admin-robot.iam.gserviceaccount.com&Expires=1717115314&Signature=NhLwcxGUqT%2BIvYiKnoW1Uwzf7ZgaQA3L2V3fbMVI4MyZcPeQdC0ppL9FnNMXCJBh5ViUgb5rleYEcdizVIU7rFfSldxoaUix%2BCp9O%2BtYcep2u59bOaF761oMJJGudQGu2tQMfxWIxQFec%2FqK6J754JwYtrjfuFWQrq%2FUgFxO2hul7gGRHV4AkZNniVUqou4AujP2LhCQ90fADmXQJlxEQd6ShZZUYF0ouG4dAxVTVPekdf0tQ7yYrStjJ89m9z%2BXjfWRjdpE0JxgcZOQAJAzlM34D5Tzrj3pYFyv60PAd69zOtRtYkw6RmuUxxMq5F%2F5itH9SBauD4yyuelKB4zEWw%3D%3D","environmentVariables":{"FIREBASE_CONFIG":"{\"projectId\":\"truck-it-bf0b2\",\"storageBucket\":\"truck-it-bf0b2.appspot.com\",\"locationId\":\"us-central\"}","GCLOUD_PROJECT":"truck-it-bf0b2","EVENTARC_CLOUD_EVENT_SOURCE":"projects/truck-it-bf0b2/locations/us-central1/functions/getOpenExchangeCurrency"},"runtime":"nodejs18","buildId":"0cb14ef3-db7e-433e-95ca-3c2c17564ee8","buildEnvironmentVariables":{"GOOGLE_NODE_RUN_SCRIPTS":""},"buildName":"projects/444807794647/locations/us-central1/builds/0cb14ef3-db7e-433e-95ca-3c2c17564ee8","dockerRegistry":"ARTIFACT_REGISTRY","automaticUpdatePolicy":{}},"versionId":"6","updateTime":"2024-05-30T23:58:50Z","buildId":"75d3441e-27ac-450a-ba54-c2db2361a606","buildName":"projects/444807794647/locations/us-central1/builds/75d3441e-27ac-450a-ba54-c2db2361a606"}}
[debug] [2024-05-30T23:59:02.044Z] [update-default-us-central1-getOpenExchangeCurrency] Retrying task index 0
[debug] [2024-05-30T23:59:02.045Z] >>> [apiv2][query] GET https://cloudfunctions.googleapis.com/v1/operations/dHJ1Y2staXQtYmYwYjIvdXMtY2VudHJhbDEvZ2V0T3BlbkV4Y2hhbmdlQ3VycmVuY3kvOEF6aXNFeGJNRkU [none]
[debug] [2024-05-30T23:59:02.549Z] <<< [apiv2][status] GET https://cloudfunctions.googleapis.com/v1/operations/dHJ1Y2staXQtYmYwYjIvdXMtY2VudHJhbDEvZ2V0T3BlbkV4Y2hhbmdlQ3VycmVuY3kvOEF6aXNFeGJNRkU 200
[debug] [2024-05-30T23:59:02.551Z] <<< [apiv2][body] GET https://cloudfunctions.googleapis.com/v1/operations/dHJ1Y2staXQtYmYwYjIvdXMtY2VudHJhbDEvZ2V0T3BlbkV4Y2hhbmdlQ3VycmVuY3kvOEF6aXNFeGJNRkU {"name":"operations/dHJ1Y2staXQtYmYwYjIvdXMtY2VudHJhbDEvZ2V0T3BlbkV4Y2hhbmdlQ3VycmVuY3kvOEF6aXNFeGJNRkU","metadata":{"@type":"type.googleapis.com/google.cloud.functions.v1.OperationMetadataV1","target":"projects/truck-it-bf0b2/locations/us-central1/functions/getOpenExchangeCurrency","type":"UPDATE_FUNCTION","request":{"@type":"type.googleapis.com/google.cloud.functions.v1.CloudFunction","name":"projects/truck-it-bf0b2/locations/us-central1/functions/getOpenExchangeCurrency","eventTrigger":{"eventType":"google.pubsub.topic.publish","resource":"projects/truck-it-bf0b2/topics/firebase-schedule-getOpenExchangeCurrency-us-central1","service":"pubsub.googleapis.com","failurePolicy":{}},"status":"OFFLINE","entryPoint":"getOpenExchangeCurrency","updateTime":"2024-05-27T06:29:21.753Z","versionId":"5","labels":{"deployment-tool":"cli-firebase","deployment-scheduled":"true","firebase-functions-hash":"e36aacb58fe5b2789ebeb52872ac8156ab5085dd"},"sourceUploadUrl":"https://storage.googleapis.com/uploads-536595928110.us-central1.cloudfunctions.appspot.com/c651b90d-46df-4b9e-b812-fa4250974d33.zip?GoogleAccessId=service-444807794647@gcf-admin-robot.iam.gserviceaccount.com&Expires=1717115314&Signature=NhLwcxGUqT%2BIvYiKnoW1Uwzf7ZgaQA3L2V3fbMVI4MyZcPeQdC0ppL9FnNMXCJBh5ViUgb5rleYEcdizVIU7rFfSldxoaUix%2BCp9O%2BtYcep2u59bOaF761oMJJGudQGu2tQMfxWIxQFec%2FqK6J754JwYtrjfuFWQrq%2FUgFxO2hul7gGRHV4AkZNniVUqou4AujP2LhCQ90fADmXQJlxEQd6ShZZUYF0ouG4dAxVTVPekdf0tQ7yYrStjJ89m9z%2BXjfWRjdpE0JxgcZOQAJAzlM34D5Tzrj3pYFyv60PAd69zOtRtYkw6RmuUxxMq5F%2F5itH9SBauD4yyuelKB4zEWw%3D%3D","environmentVariables":{"FIREBASE_CONFIG":"{\"projectId\":\"truck-it-bf0b2\",\"storageBucket\":\"truck-it-bf0b2.appspot.com\",\"locationId\":\"us-central\"}","GCLOUD_PROJECT":"truck-it-bf0b2","EVENTARC_CLOUD_EVENT_SOURCE":"projects/truck-it-bf0b2/locations/us-central1/functions/getOpenExchangeCurrency"},"runtime":"nodejs18","buildId":"0cb14ef3-db7e-433e-95ca-3c2c17564ee8","buildEnvironmentVariables":{"GOOGLE_NODE_RUN_SCRIPTS":""},"buildName":"projects/444807794647/locations/us-central1/builds/0cb14ef3-db7e-433e-95ca-3c2c17564ee8","dockerRegistry":"ARTIFACT_REGISTRY","automaticUpdatePolicy":{}},"versionId":"6","updateTime":"2024-05-30T23:58:50Z","buildId":"75d3441e-27ac-450a-ba54-c2db2361a606","buildName":"projects/444807794647/locations/us-central1/builds/75d3441e-27ac-450a-ba54-c2db2361a606"}}
[debug] [2024-05-30T23:59:10.584Z] [update-default-us-central1-getOpenExchangeCurrency] Retrying task index 0
[debug] [2024-05-30T23:59:10.586Z] >>> [apiv2][query] GET https://cloudfunctions.googleapis.com/v1/operations/dHJ1Y2staXQtYmYwYjIvdXMtY2VudHJhbDEvZ2V0T3BlbkV4Y2hhbmdlQ3VycmVuY3kvOEF6aXNFeGJNRkU [none]
[debug] [2024-05-30T23:59:11.461Z] <<< [apiv2][status] GET https://cloudfunctions.googleapis.com/v1/operations/dHJ1Y2staXQtYmYwYjIvdXMtY2VudHJhbDEvZ2V0T3BlbkV4Y2hhbmdlQ3VycmVuY3kvOEF6aXNFeGJNRkU 200
[debug] [2024-05-30T23:59:11.462Z] <<< [apiv2][body] GET https://cloudfunctions.googleapis.com/v1/operations/dHJ1Y2staXQtYmYwYjIvdXMtY2VudHJhbDEvZ2V0T3BlbkV4Y2hhbmdlQ3VycmVuY3kvOEF6aXNFeGJNRkU {"name":"operations/dHJ1Y2staXQtYmYwYjIvdXMtY2VudHJhbDEvZ2V0T3BlbkV4Y2hhbmdlQ3VycmVuY3kvOEF6aXNFeGJNRkU","metadata":{"@type":"type.googleapis.com/google.cloud.functions.v1.OperationMetadataV1","target":"projects/truck-it-bf0b2/locations/us-central1/functions/getOpenExchangeCurrency","type":"UPDATE_FUNCTION","request":{"@type":"type.googleapis.com/google.cloud.functions.v1.CloudFunction","name":"projects/truck-it-bf0b2/locations/us-central1/functions/getOpenExchangeCurrency","eventTrigger":{"eventType":"google.pubsub.topic.publish","resource":"projects/truck-it-bf0b2/topics/firebase-schedule-getOpenExchangeCurrency-us-central1","service":"pubsub.googleapis.com","failurePolicy":{}},"status":"OFFLINE","entryPoint":"getOpenExchangeCurrency","updateTime":"2024-05-27T06:29:21.753Z","versionId":"5","labels":{"deployment-tool":"cli-firebase","deployment-scheduled":"true","firebase-functions-hash":"e36aacb58fe5b2789ebeb52872ac8156ab5085dd"},"sourceUploadUrl":"https://storage.googleapis.com/uploads-536595928110.us-central1.cloudfunctions.appspot.com/c651b90d-46df-4b9e-b812-fa4250974d33.zip?GoogleAccessId=service-444807794647@gcf-admin-robot.iam.gserviceaccount.com&Expires=1717115314&Signature=NhLwcxGUqT%2BIvYiKnoW1Uwzf7ZgaQA3L2V3fbMVI4MyZcPeQdC0ppL9FnNMXCJBh5ViUgb5rleYEcdizVIU7rFfSldxoaUix%2BCp9O%2BtYcep2u59bOaF761oMJJGudQGu2tQMfxWIxQFec%2FqK6J754JwYtrjfuFWQrq%2FUgFxO2hul7gGRHV4AkZNniVUqou4AujP2LhCQ90fADmXQJlxEQd6ShZZUYF0ouG4dAxVTVPekdf0tQ7yYrStjJ89m9z%2BXjfWRjdpE0JxgcZOQAJAzlM34D5Tzrj3pYFyv60PAd69zOtRtYkw6RmuUxxMq5F%2F5itH9SBauD4yyuelKB4zEWw%3D%3D","environmentVariables":{"FIREBASE_CONFIG":"{\"projectId\":\"truck-it-bf0b2\",\"storageBucket\":\"truck-it-bf0b2.appspot.com\",\"locationId\":\"us-central\"}","GCLOUD_PROJECT":"truck-it-bf0b2","EVENTARC_CLOUD_EVENT_SOURCE":"projects/truck-it-bf0b2/locations/us-central1/functions/getOpenExchangeCurrency"},"runtime":"nodejs18","buildId":"0cb14ef3-db7e-433e-95ca-3c2c17564ee8","buildEnvironmentVariables":{"GOOGLE_NODE_RUN_SCRIPTS":""},"buildName":"projects/444807794647/locations/us-central1/builds/0cb14ef3-db7e-433e-95ca-3c2c17564ee8","dockerRegistry":"ARTIFACT_REGISTRY","automaticUpdatePolicy":{}},"versionId":"6","updateTime":"2024-05-30T23:58:50Z","buildId":"75d3441e-27ac-450a-ba54-c2db2361a606","buildName":"projects/444807794647/locations/us-central1/builds/75d3441e-27ac-450a-ba54-c2db2361a606"}}
[debug] [2024-05-30T23:59:21.467Z] [update-default-us-central1-getOpenExchangeCurrency] Retrying task index 0
[debug] [2024-05-30T23:59:21.469Z] >>> [apiv2][query] GET https://cloudfunctions.googleapis.com/v1/operations/dHJ1Y2staXQtYmYwYjIvdXMtY2VudHJhbDEvZ2V0T3BlbkV4Y2hhbmdlQ3VycmVuY3kvOEF6aXNFeGJNRkU [none]
[debug] [2024-05-30T23:59:21.999Z] <<< [apiv2][status] GET https://cloudfunctions.googleapis.com/v1/operations/dHJ1Y2staXQtYmYwYjIvdXMtY2VudHJhbDEvZ2V0T3BlbkV4Y2hhbmdlQ3VycmVuY3kvOEF6aXNFeGJNRkU 200
[debug] [2024-05-30T23:59:22.002Z] <<< [apiv2][body] GET https://cloudfunctions.googleapis.com/v1/operations/dHJ1Y2staXQtYmYwYjIvdXMtY2VudHJhbDEvZ2V0T3BlbkV4Y2hhbmdlQ3VycmVuY3kvOEF6aXNFeGJNRkU {"name":"operations/dHJ1Y2staXQtYmYwYjIvdXMtY2VudHJhbDEvZ2V0T3BlbkV4Y2hhbmdlQ3VycmVuY3kvOEF6aXNFeGJNRkU","metadata":{"@type":"type.googleapis.com/google.cloud.functions.v1.OperationMetadataV1","target":"projects/truck-it-bf0b2/locations/us-central1/functions/getOpenExchangeCurrency","type":"UPDATE_FUNCTION","request":{"@type":"type.googleapis.com/google.cloud.functions.v1.CloudFunction","name":"projects/truck-it-bf0b2/locations/us-central1/functions/getOpenExchangeCurrency","eventTrigger":{"eventType":"google.pubsub.topic.publish","resource":"projects/truck-it-bf0b2/topics/firebase-schedule-getOpenExchangeCurrency-us-central1","service":"pubsub.googleapis.com","failurePolicy":{}},"status":"OFFLINE","entryPoint":"getOpenExchangeCurrency","updateTime":"2024-05-27T06:29:21.753Z","versionId":"5","labels":{"deployment-tool":"cli-firebase","deployment-scheduled":"true","firebase-functions-hash":"e36aacb58fe5b2789ebeb52872ac8156ab5085dd"},"sourceUploadUrl":"https://storage.googleapis.com/uploads-536595928110.us-central1.cloudfunctions.appspot.com/c651b90d-46df-4b9e-b812-fa4250974d33.zip?GoogleAccessId=service-444807794647@gcf-admin-robot.iam.gserviceaccount.com&Expires=1717115314&Signature=NhLwcxGUqT%2BIvYiKnoW1Uwzf7ZgaQA3L2V3fbMVI4MyZcPeQdC0ppL9FnNMXCJBh5ViUgb5rleYEcdizVIU7rFfSldxoaUix%2BCp9O%2BtYcep2u59bOaF761oMJJGudQGu2tQMfxWIxQFec%2FqK6J754JwYtrjfuFWQrq%2FUgFxO2hul7gGRHV4AkZNniVUqou4AujP2LhCQ90fADmXQJlxEQd6ShZZUYF0ouG4dAxVTVPekdf0tQ7yYrStjJ89m9z%2BXjfWRjdpE0JxgcZOQAJAzlM34D5Tzrj3pYFyv60PAd69zOtRtYkw6RmuUxxMq5F%2F5itH9SBauD4yyuelKB4zEWw%3D%3D","environmentVariables":{"FIREBASE_CONFIG":"{\"projectId\":\"truck-it-bf0b2\",\"storageBucket\":\"truck-it-bf0b2.appspot.com\",\"locationId\":\"us-central\"}","GCLOUD_PROJECT":"truck-it-bf0b2","EVENTARC_CLOUD_EVENT_SOURCE":"projects/truck-it-bf0b2/locations/us-central1/functions/getOpenExchangeCurrency"},"runtime":"nodejs18","buildId":"0cb14ef3-db7e-433e-95ca-3c2c17564ee8","buildEnvironmentVariables":{"GOOGLE_NODE_RUN_SCRIPTS":""},"buildName":"projects/444807794647/locations/us-central1/builds/0cb14ef3-db7e-433e-95ca-3c2c17564ee8","dockerRegistry":"ARTIFACT_REGISTRY","automaticUpdatePolicy":{}},"versionId":"6","updateTime":"2024-05-30T23:58:50Z","buildId":"75d3441e-27ac-450a-ba54-c2db2361a606","buildName":"projects/444807794647/locations/us-central1/builds/75d3441e-27ac-450a-ba54-c2db2361a606"}}
[debug] [2024-05-30T23:59:32.008Z] [update-default-us-central1-getOpenExchangeCurrency] Retrying task index 0
[debug] [2024-05-30T23:59:32.011Z] >>> [apiv2][query] GET https://cloudfunctions.googleapis.com/v1/operations/dHJ1Y2staXQtYmYwYjIvdXMtY2VudHJhbDEvZ2V0T3BlbkV4Y2hhbmdlQ3VycmVuY3kvOEF6aXNFeGJNRkU [none]
[debug] [2024-05-30T23:59:32.835Z] <<< [apiv2][status] GET https://cloudfunctions.googleapis.com/v1/operations/dHJ1Y2staXQtYmYwYjIvdXMtY2VudHJhbDEvZ2V0T3BlbkV4Y2hhbmdlQ3VycmVuY3kvOEF6aXNFeGJNRkU 200
[debug] [2024-05-30T23:59:32.837Z] <<< [apiv2][body] GET https://cloudfunctions.googleapis.com/v1/operations/dHJ1Y2staXQtYmYwYjIvdXMtY2VudHJhbDEvZ2V0T3BlbkV4Y2hhbmdlQ3VycmVuY3kvOEF6aXNFeGJNRkU {"name":"operations/dHJ1Y2staXQtYmYwYjIvdXMtY2VudHJhbDEvZ2V0T3BlbkV4Y2hhbmdlQ3VycmVuY3kvOEF6aXNFeGJNRkU","metadata":{"@type":"type.googleapis.com/google.cloud.functions.v1.OperationMetadataV1","target":"projects/truck-it-bf0b2/locations/us-central1/functions/getOpenExchangeCurrency","type":"UPDATE_FUNCTION","request":{"@type":"type.googleapis.com/google.cloud.functions.v1.CloudFunction","name":"projects/truck-it-bf0b2/locations/us-central1/functions/getOpenExchangeCurrency","eventTrigger":{"eventType":"google.pubsub.topic.publish","resource":"projects/truck-it-bf0b2/topics/firebase-schedule-getOpenExchangeCurrency-us-central1","service":"pubsub.googleapis.com","failurePolicy":{}},"status":"OFFLINE","entryPoint":"getOpenExchangeCurrency","updateTime":"2024-05-27T06:29:21.753Z","versionId":"5","labels":{"deployment-tool":"cli-firebase","deployment-scheduled":"true","firebase-functions-hash":"e36aacb58fe5b2789ebeb52872ac8156ab5085dd"},"sourceUploadUrl":"https://storage.googleapis.com/uploads-536595928110.us-central1.cloudfunctions.appspot.com/c651b90d-46df-4b9e-b812-fa4250974d33.zip?GoogleAccessId=service-444807794647@gcf-admin-robot.iam.gserviceaccount.com&Expires=1717115314&Signature=NhLwcxGUqT%2BIvYiKnoW1Uwzf7ZgaQA3L2V3fbMVI4MyZcPeQdC0ppL9FnNMXCJBh5ViUgb5rleYEcdizVIU7rFfSldxoaUix%2BCp9O%2BtYcep2u59bOaF761oMJJGudQGu2tQMfxWIxQFec%2FqK6J754JwYtrjfuFWQrq%2FUgFxO2hul7gGRHV4AkZNniVUqou4AujP2LhCQ90fADmXQJlxEQd6ShZZUYF0ouG4dAxVTVPekdf0tQ7yYrStjJ89m9z%2BXjfWRjdpE0JxgcZOQAJAzlM34D5Tzrj3pYFyv60PAd69zOtRtYkw6RmuUxxMq5F%2F5itH9SBauD4yyuelKB4zEWw%3D%3D","environmentVariables":{"FIREBASE_CONFIG":"{\"projectId\":\"truck-it-bf0b2\",\"storageBucket\":\"truck-it-bf0b2.appspot.com\",\"locationId\":\"us-central\"}","GCLOUD_PROJECT":"truck-it-bf0b2","EVENTARC_CLOUD_EVENT_SOURCE":"projects/truck-it-bf0b2/locations/us-central1/functions/getOpenExchangeCurrency"},"runtime":"nodejs18","buildId":"0cb14ef3-db7e-433e-95ca-3c2c17564ee8","buildEnvironmentVariables":{"GOOGLE_NODE_RUN_SCRIPTS":""},"buildName":"projects/444807794647/locations/us-central1/builds/0cb14ef3-db7e-433e-95ca-3c2c17564ee8","dockerRegistry":"ARTIFACT_REGISTRY","automaticUpdatePolicy":{}},"versionId":"6","updateTime":"2024-05-30T23:58:50Z","buildId":"75d3441e-27ac-450a-ba54-c2db2361a606","buildName":"projects/444807794647/locations/us-central1/builds/75d3441e-27ac-450a-ba54-c2db2361a606"}}
[debug] [2024-05-30T23:59:42.855Z] [update-default-us-central1-getOpenExchangeCurrency] Retrying task index 0
[debug] [2024-05-30T23:59:42.857Z] >>> [apiv2][query] GET https://cloudfunctions.googleapis.com/v1/operations/dHJ1Y2staXQtYmYwYjIvdXMtY2VudHJhbDEvZ2V0T3BlbkV4Y2hhbmdlQ3VycmVuY3kvOEF6aXNFeGJNRkU [none]
[debug] [2024-05-30T23:59:43.570Z] <<< [apiv2][status] GET https://cloudfunctions.googleapis.com/v1/operations/dHJ1Y2staXQtYmYwYjIvdXMtY2VudHJhbDEvZ2V0T3BlbkV4Y2hhbmdlQ3VycmVuY3kvOEF6aXNFeGJNRkU 200
[debug] [2024-05-30T23:59:43.571Z] <<< [apiv2][body] GET https://cloudfunctions.googleapis.com/v1/operations/dHJ1Y2staXQtYmYwYjIvdXMtY2VudHJhbDEvZ2V0T3BlbkV4Y2hhbmdlQ3VycmVuY3kvOEF6aXNFeGJNRkU {"name":"operations/dHJ1Y2staXQtYmYwYjIvdXMtY2VudHJhbDEvZ2V0T3BlbkV4Y2hhbmdlQ3VycmVuY3kvOEF6aXNFeGJNRkU","metadata":{"@type":"type.googleapis.com/google.cloud.functions.v1.OperationMetadataV1","target":"projects/truck-it-bf0b2/locations/us-central1/functions/getOpenExchangeCurrency","type":"UPDATE_FUNCTION","request":{"@type":"type.googleapis.com/google.cloud.functions.v1.CloudFunction","name":"projects/truck-it-bf0b2/locations/us-central1/functions/getOpenExchangeCurrency","eventTrigger":{"eventType":"google.pubsub.topic.publish","resource":"projects/truck-it-bf0b2/topics/firebase-schedule-getOpenExchangeCurrency-us-central1","service":"pubsub.googleapis.com","failurePolicy":{}},"status":"OFFLINE","entryPoint":"getOpenExchangeCurrency","updateTime":"2024-05-27T06:29:21.753Z","versionId":"5","labels":{"deployment-tool":"cli-firebase","deployment-scheduled":"true","firebase-functions-hash":"e36aacb58fe5b2789ebeb52872ac8156ab5085dd"},"sourceUploadUrl":"https://storage.googleapis.com/uploads-536595928110.us-central1.cloudfunctions.appspot.com/c651b90d-46df-4b9e-b812-fa4250974d33.zip?GoogleAccessId=service-444807794647@gcf-admin-robot.iam.gserviceaccount.com&Expires=1717115314&Signature=NhLwcxGUqT%2BIvYiKnoW1Uwzf7ZgaQA3L2V3fbMVI4MyZcPeQdC0ppL9FnNMXCJBh5ViUgb5rleYEcdizVIU7rFfSldxoaUix%2BCp9O%2BtYcep2u59bOaF761oMJJGudQGu2tQMfxWIxQFec%2FqK6J754JwYtrjfuFWQrq%2FUgFxO2hul7gGRHV4AkZNniVUqou4AujP2LhCQ90fADmXQJlxEQd6ShZZUYF0ouG4dAxVTVPekdf0tQ7yYrStjJ89m9z%2BXjfWRjdpE0JxgcZOQAJAzlM34D5Tzrj3pYFyv60PAd69zOtRtYkw6RmuUxxMq5F%2F5itH9SBauD4yyuelKB4zEWw%3D%3D","environmentVariables":{"FIREBASE_CONFIG":"{\"projectId\":\"truck-it-bf0b2\",\"storageBucket\":\"truck-it-bf0b2.appspot.com\",\"locationId\":\"us-central\"}","GCLOUD_PROJECT":"truck-it-bf0b2","EVENTARC_CLOUD_EVENT_SOURCE":"projects/truck-it-bf0b2/locations/us-central1/functions/getOpenExchangeCurrency"},"runtime":"nodejs18","buildId":"0cb14ef3-db7e-433e-95ca-3c2c17564ee8","buildEnvironmentVariables":{"GOOGLE_NODE_RUN_SCRIPTS":""},"buildName":"projects/444807794647/locations/us-central1/builds/0cb14ef3-db7e-433e-95ca-3c2c17564ee8","dockerRegistry":"ARTIFACT_REGISTRY","automaticUpdatePolicy":{}},"versionId":"6","updateTime":"2024-05-30T23:59:35Z","buildId":"75d3441e-27ac-450a-ba54-c2db2361a606","buildName":"projects/444807794647/locations/us-central1/builds/75d3441e-27ac-450a-ba54-c2db2361a606"},"done":true,"error":{"code":3,"message":"Build failed: npm ERR! code EUSAGE\nnpm ERR! \nnpm ERR! `npm ci` can only install packages when your package.json and package-lock.json or npm-shrinkwrap.json are in sync. Please update your lock file with `npm install` before continuing.\nnpm ERR! \nnpm ERR! Missing: jest@29.7.0 from lock file\nnpm ERR! Missing: @jest/core@29.7.0 from lock file\nnpm ERR! Missing: @jest/types@29.6.3 from lock file\nnpm ERR! Missing: import-local@3.1.0 from lock file\nnpm ERR! Missing: jest-cli@29.7.0 from lock file\nnpm ERR! Missing: @jest/console@29.7.0 from lock file\nnpm ERR! Missing: @jest/reporters@29.7.0 from lock file\nnpm ERR! Missing: @jest/test-result@29.7.0 from lock file\nnpm ERR! Missing: @jest/transform@29.7.0 from lock file\nnpm ERR! Missing: ansi-escapes@4.3.2 from lock file\nnpm ERR! Missing: ci-info@3.9.0 from lock file\nnpm ERR! Missing: exit@0.1.2 from lock file\nnpm ERR! Missing: jest-changed-files@29.7.0 from lock file\nnpm ERR! Missing: jest-config@29.7.0 from lock file\nnpm ERR! Missing: jest-haste-map@29.7.0 from lock file\nnpm ERR! Missing: jest-message-util@29.7.0 from lock file\nnpm ERR! Missing: jest-regex-util@29.6.3 from lock file\nnpm ERR! Missing: jest-resolve@29.7.0 from lock file\nnpm ERR! Missing: jest-resolve-dependencies@29.7.0 from lock file\nnpm ERR! Missing: jest-runner@29.7.0 from lock file\nnpm ERR! Missing: jest-runtime@29.7.0 from lock file\nnpm ERR! Missing: jest-snapshot@29.7.0 from lock file\nnpm ERR! Missing: jest-util@29.7.0 from lock file\nnpm ERR! Missing: jest-validate@29.7.0 from lock file\nnpm ERR! Missing: jest-watcher@29.7.0 from lock file\nnpm ERR! Missing: micromatch@4.0.7 from lock file\nnpm ERR! Missing: pretty-format@29.7.0 from lock file\nnpm ERR! Missing: slash@3.0.0 from lock file\nnpm ERR! Missing: @bcoe/v8-coverage@0.2.3 from lock file\nnpm ERR! Missing: @jridgewell/trace-mapping@0.3.25 from lock file\nnpm ERR! Missing: collect-v8-coverage@1.0.2 from lock file\nnpm ERR! Missing: glob@7.2.3 from lock file\nnpm ERR! Missing: istanbul-lib-coverage@3.2.2 from lock file\nnpm ERR! Missing: istanbul-lib-instrument@6.0.2 from lock file\nnpm ERR! Missing: istanbul-lib-report@3.0.1 from lock file\nnpm ERR! Missing: istanbul-lib-source-maps@4.0.1 from lock file\nnpm ERR! Missing: istanbul-reports@3.1.7 from lock file\nnpm ERR! Missing: jest-worker@29.7.0 from lock file\nnpm ERR! Missing: string-length@4.0.2 from lock file\nnpm ERR! Missing: v8-to-istanbul@9.2.0 from lock file\nnpm ERR! Missing: @types/istanbul-lib-coverage@2.0.6 from lock file\nnpm ERR! Missing: @babel/core@7.24.6 from lock file\nnpm ERR! Missing: babel-plugin-istanbul@6.1.1 from lock file\nnpm ERR! Missing: convert-source-map@2.0.0 from lock file\nnpm ERR! Missing: fast-json-stable-stringify@2.1.0 from lock file\nnpm ERR! Missing: pirates@4.0.6 from lock file\nnpm ERR! Missing: write-file-atomic@4.0.2 from lock file\nnpm ERR! Missing: @ampproject/remapping@2.3.0 from lock file\nnpm ERR! Missing: @babel/code-frame@7.24.6 from lock file\nnpm ERR! Missing: @babel/generator@7.24.6 from lock file\nnpm ERR! Missing: @babel/helper-compilation-targets@7.24.6 from lock file\nnpm ERR! Missing: @babel/helper-module-transforms@7.24.6 from lock file\nnpm ERR! Missing: @babel/helpers@7.24.6 from lock file\nnpm ERR! Invalid: lock file's @babel/parser@7.23.9 does not satisfy @babel/parser@7.24.6\nnpm ERR! Missing: @babel/template@7.24.6 from lock file\nnpm ERR! Missing: @babel/traverse@7.24.6 from lock file\nnpm ERR! Missing: @babel/types@7.24.6 from lock file\nnpm ERR! Missing: debug@4.3.4 from lock file\nnpm ERR! Missing: gensync@1.0.0-beta.2 from lock file\nnpm ERR! Missing: json5@2.2.3 from lock file\nnpm ERR! Missing: semver@6.3.1 from lock file\nnpm ERR! Missing: @jridgewell/gen-mapping@0.3.5 from lock file\nnpm ERR! Missing: @babel/highlight@7.24.6 from lock file\nnpm ERR! Missing: picocolors@1.0.1 from lock file\nnpm ERR! Missing: jsesc@2.5.2 from lock file\nnpm ERR! Missing: @babel/compat-data@7.24.6 from lock file\nnpm ERR! Missing: @babel/helper-validator-option@7.24.6 from lock file\nnpm ERR! Missing: browserslist@4.23.0 from lock file\nnpm ERR! Missing: lru-cache@5.1.1 from lock file\nnpm ERR! Missing: semver@6.3.1 from lock file\nnpm ERR! Missing: @babel/helper-environment-visitor@7.24.6 from lock file\nnpm ERR! Missing: @babel/helper-module-imports@7.24.6 from lock file\nnpm ERR! Missing: @babel/helper-simple-access@7.24.6 from lock file\nnpm ERR! Missing: @babel/helper-split-export-declaration@7.24.6 from lock file\nnpm ERR! Missing: @babel/helper-validator-identifier@7.24.6 from lock file\nnpm ERR! Missing: chalk@2.4.2 from lock file\nnpm ERR! Missing: js-tokens@4.0.0 from lock file\nnpm ERR! Missing: @babel/helper-function-name@7.24.6 from lock file\nnpm ERR! Missing: @babel/helper-hoist-variables@7.24.6 from lock file\nnpm ERR! Missing: debug@4.3.4 from lock file\nnpm ERR! Missing: globals@11.12.0 from lock file\nnpm ERR! Missing: @babel/helper-string-parser@7.24.6 from lock file\nnpm ERR! Missing: to-fast-properties@2.0.0 from lock file\nnpm ERR! Missing: @jest/schemas@29.6.3 from lock file\nnpm ERR! Missing: @types/istanbul-reports@3.0.4 from lock file\nnpm ERR! Missing: @types/yargs@17.0.32 from lock file\nnpm ERR! Missing: @sinclair/typebox@0.27.8 from lock file\nnpm ERR! Missing: @jridgewell/set-array@1.2.1 from lock file\nnpm ERR! Missing: @jridgewell/sourcemap-codec@1.4.15 from lock file\nnpm ERR! Missing: @jridgewell/resolve-uri@3.1.2 from lock file\nnpm ERR! Missing: @types/istanbul-lib-report@3.0.3 from lock file\nnpm ERR! Missing: @types/yargs-parser@21.0.3 from lock file\nnpm ERR! Missing: type-fest@0.21.3 from lock file\nnpm ERR! Missing: @babel/helper-plugin-utils@7.24.6 from lock file\nnpm ERR! Missing: @istanbuljs/load-nyc-config@1.1.0 from lock file\nnpm ERR! Missing: @istanbuljs/schema@0.1.3 from lock file\nnpm ERR! Missing: istanbul-lib-instrument@5.2.1 from lock file\nnpm ERR! Missing: test-exclude@6.0.0 from lock file\nnpm ERR! Missing: camelcase@5.3.1 from lock file\nnpm ERR! Missing: find-up@4.1.0 from lock file\nnpm ERR! Missing: get-package-type@0.1.0 from lock file\nnpm ERR! Missing: js-yaml@3.14.1 from lock file\nnpm ERR! Missing: resolve-from@5.0.0 from lock file\nnpm ERR! Missing: caniuse-lite@1.0.30001625 from lock file\nnpm ERR! Missing: electron-to-chromium@1.4.787 from lock file\nnpm ERR! Missing: node-releases@2.0.14 from lock file\nnpm ERR! Missing: update-browserslist-db@1.0.16 from lock file\nnpm ERR! Missing: locate-path@5.0.0 from lock file\nnpm ERR! Missing: path-exists@4.0.0 from lock file\nnpm ERR! Missing: pkg-dir@4.2.0 from lock file\nnpm ERR! Missing: resolve-cwd@3.0.0 from lock file\nnpm ERR! Missing: make-dir@4.0.0 from lock file\nnpm ERR! Missing: debug@4.3.4 from lock file\nnpm ERR! Missing: html-escaper@2.0.2 from lock file\nnpm ERR! Missing: execa@5.1.1 from lock file\nnpm ERR! Missing: cross-spawn@7.0.3 from lock file\nnpm ERR! Missing: get-stream@6.0.1 from lock file\nnpm ERR! Missing: human-signals@2.1.0 from lock file\nnpm ERR! Missing: merge-stream@2.0.0 from lock file\nnpm ERR! Missing: npm-run-path@4.0.1 from lock file\nnpm ERR! Missing: onetime@5.1.2 from lock file\nnpm ERR! Missing: signal-exit@3.0.7 from lock file\nnpm ERR! Missing: strip-final-newline@2.0.0 from lock file\nnpm ERR! Missing: path-key@3.1.1 from lock file\nnpm ERR! Missing: shebang-command@2.0.0 from lock file\nnpm ERR! Missing: which@2.0.2 from lock file\nnpm ERR! Missing: create-jest@29.7.0 from lock file\nnpm ERR! Missing: prompts@2.4.2 from lock file\nnpm ERR! Missing: @jest/test-sequencer@29.7.0 from lock file\nnpm ERR! Missing: babel-jest@29.7.0 from lock file\nnpm ERR! Missing: deepmerge@4.3.1 from lock file\nnpm ERR! Missing: glob@7.2.3 from lock file\nnpm ERR! Missing: jest-circus@29.7.0 from lock file\nnpm ERR! Missing: jest-environment-node@29.7.0 from lock file\nnpm ERR! Missing: jest-get-type@29.6.3 from lock file\nnpm ERR! Missing: parse-json@5.2.0 from lock file\nnpm ERR! Missing: @types/babel__core@7.20.5 from lock file\nnpm ERR! Missing: babel-preset-jest@29.6.3 from lock file\nnpm ERR! Missing: @types/babel__generator@7.6.8 from lock file\nnpm ERR! Missing: @types/babel__template@7.4.4 from lock file\nnpm ERR! Missing: @types/babel__traverse@7.20.6 from lock file\nnpm ERR! Missing: babel-plugin-jest-hoist@29.6.3 from lock file\nnpm ERR! Missing: babel-preset-current-node-syntax@1.0.1 from lock file\nnpm ERR! Missing: @babel/plugin-syntax-async-generators@7.8.4 from lock file\nnpm ERR! Missing: @babel/plugin-syntax-bigint@7.8.3 from lock file\nnpm ERR! Missing: @babel/plugin-syntax-class-properties@7.12.13 from lock file\nnpm ERR! Missing: @babel/plugin-syntax-import-meta@7.10.4 from lock file\nnpm ERR! Missing: @babel/plugin-syntax-json-strings@7.8.3 from lock file\nnpm ERR! Missing: @babel/plugin-syntax-logical-assignment-operators@7.10.4 from lock file\nnpm ERR! Missing: @babel/plugin-syntax-nullish-coalescing-operator@7.8.3 from lock file\nnpm ERR! Missing: @babel/plugin-syntax-numeric-separator@7.10.4 from lock file\nnpm ERR! Missing: @babel/plugin-syntax-object-rest-spread@7.8.3 from lock file\nnpm ERR! Missing: @babel/plugin-syntax-optional-catch-binding@7.8.3 from lock file\nnpm ERR! Missing: @babel/plugin-syntax-optional-chaining@7.8.3 from lock file\nnpm ERR! Missing: @babel/plugin-syntax-top-level-await@7.14.5 from lock file\nnpm ERR! Missing: @jest/environment@29.7.0 from lock file\nnpm ERR! Missing: @jest/expect@29.7.0 from lock file\nnpm ERR! Missing: co@4.6.0 from lock file\nnpm ERR! Missing: dedent@1.5.3 from lock file\nnpm ERR! Missing: is-generator-fn@2.1.0 from lock file\nnpm ERR! Missing: jest-each@29.7.0 from lock file\nnpm ERR! Missing: jest-matcher-utils@29.7.0 from lock file\nnpm ERR! Missing: pure-rand@6.1.0 from lock file\nnpm ERR! Missing: stack-utils@2.0.6 from lock file\nnpm ERR! Missing: @jest/fake-timers@29.7.0 from lock file\nnpm ERR! Missing: jest-mock@29.7.0 from lock file\nnpm ERR! Missing: expect@29.7.0 from lock file\nnpm ERR! Missing: @sinonjs/fake-timers@10.3.0 from lock file\nnpm ERR! Missing: @sinonjs/commons@3.0.1 from lock file\nnpm ERR! Missing: type-detect@4.0.8 from lock file\nnpm ERR! Missing: @jest/expect-utils@29.7.0 from lock file\nnpm ERR! Missing: @types/graceful-fs@4.1.9 from lock file\nnpm ERR! Missing: anymatch@3.1.3 from lock file\nnpm ERR! Missing: fb-watchman@2.0.2 from lock file\nnpm ERR! Missing: fsevents@2.3.3 from lock file\nnpm ERR! Missing: walker@1.0.8 from lock file\nnpm ERR! Missing: normalize-path@3.0.0 from lock file\nnpm ERR! Missing: picomatch@2.3.1 from lock file\nnpm ERR! Missing: bser@2.1.1 from lock file\nnpm ERR! Missing: node-int64@0.4.0 from lock file\nnpm ERR! Missing: jest-diff@29.7.0 from lock file\nnpm ERR! Missing: diff-sequences@29.6.3 from lock file\nnpm ERR! Missing: @types/stack-utils@2.0.3 from lock file\nnpm ERR! Missing: jest-pnp-resolver@1.2.3 from lock file\nnpm ERR! Missing: resolve@1.22.8 from lock file\nnpm ERR! Missing: resolve.exports@2.0.2 from lock file\nnpm ERR! Missing: emittery@0.13.1 from lock file\nnpm ERR! Missing: jest-docblock@29.7.0 from lock file\nnpm ERR! Missing: jest-leak-detector@29.7.0 from lock file\nnpm ERR! Missing: source-map-support@0.5.13 from lock file\nnpm ERR! Missing: detect-newline@3.1.0 from lock file\nnpm ERR! Missing: @jest/globals@29.7.0 from lock file\nnpm ERR! Missing: @jest/source-map@29.6.3 from lock file\nnpm ERR! Missing: cjs-module-lexer@1.3.1 from lock file\nnpm ERR! Missing: glob@7.2.3 from lock file\nnpm ERR! Missing: strip-bom@4.0.0 from lock file\nnpm ERR! Missing: callsites@3.1.0 from lock file\nnpm ERR! Missing: @babel/plugin-syntax-jsx@7.24.6 from lock file\nnpm ERR! Missing: @babel/plugin-syntax-typescript@7.24.6 from lock file\nnpm ERR! Missing: natural-compare@1.4.0 from lock file\nnpm ERR! Missing: camelcase@6.3.0 from lock file\nnpm ERR! Missing: leven@3.1.0 from lock file\nnpm ERR! Missing: supports-color@8.1.1 from lock file\nnpm ERR! Missing: argparse@1.0.10 from lock file\nnpm ERR! Missing: p-locate@4.1.0 from lock file\nnpm ERR! Missing: braces@3.0.3 from lock file\nnpm ERR! Missing: fill-range@7.1.1 from lock file\nnpm ERR! Missing: to-regex-range@5.0.1 from lock file\nnpm ERR! Missing: mimic-fn@2.1.0 from lock file\nnpm ERR! Missing: p-limit@2.3.0 from lock file\nnpm ERR! Missing: error-ex@1.3.2 from lock file\nnpm ERR! Missing: json-parse-even-better-errors@2.3.1 from lock file\nnpm ERR! Missing: lines-and-columns@1.2.4 from lock file\nnpm ERR! Missing: is-arrayish@0.2.1 from lock file\nnpm ERR! Missing: ansi-styles@5.2.0 from lock file\nnpm ERR! Missing: react-is@18.3.1 from lock file\nnpm ERR! Missing: kleur@3.0.3 from lock file\nnpm ERR! Missing: sisteransi@1.0.5 from lock file\nnpm ERR! Missing: is-core-module@2.13.1 from lock file\nnpm ERR! Missing: path-parse@1.0.7 from lock file\nnpm ERR! Missing: supports-preserve-symlinks-flag@1.0.0 from lock file\nnpm ERR! Missing: shebang-regex@3.0.0 from lock file\nnpm ERR! Missing: buffer-from@1.1.2 from lock file\nnpm ERR! Missing: char-regex@1.0.2 from lock file\nnpm ERR! Missing: glob@7.2.3 from lock file\nnpm ERR! Missing: minimatch@3.1.2 from lock file\nnpm ERR! Missing: is-number@7.0.0 from lock file\nnpm ERR! Missing: makeerror@1.0.12 from lock file\nnpm ERR! Missing: tmpl@1.0.5 from lock file\nnpm ERR! Missing: isexe@2.0.0 from lock file\nnpm ERR! Missing: imurmurhash@0.1.4 from lock file\nnpm ERR! Missing: ms@2.1.2 from lock file\nnpm ERR! Missing: yallist@3.1.1 from lock file\nnpm ERR! Missing: ansi-styles@3.2.1 from lock file\nnpm ERR! Missing: escape-string-regexp@1.0.5 from lock file\nnpm ERR! Missing: supports-color@5.5.0 from lock file\nnpm ERR! Missing: color-convert@1.9.3 from lock file\nnpm ERR! Missing: color-name@1.1.3 from lock file\nnpm ERR! Missing: has-flag@3.0.0 from lock file\nnpm ERR! Missing: ms@2.1.2 from lock file\nnpm ERR! Missing: minimatch@3.1.2 from lock file\nnpm ERR! Missing: brace-expansion@1.1.11 from lock file\nnpm ERR! Missing: semver@6.3.1 from lock file\nnpm ERR! Missing: ms@2.1.2 from lock file\nnpm ERR! Missing: minimatch@3.1.2 from lock file\nnpm ERR! Missing: brace-expansion@1.1.11 from lock file\nnpm ERR! Missing: minimatch@3.1.2 from lock file\nnpm ERR! Missing: brace-expansion@1.1.11 from lock file\nnpm ERR! Missing: sprintf-js@1.0.3 from lock file\nnpm ERR! Missing: p-try@2.2.0 from lock file\nnpm ERR! Missing: brace-expansion@1.1.11 from lock file\nnpm ERR! \nnpm ERR! Clean install a project\nnpm ERR! \nnpm ERR! Usage:\nnpm ERR! npm ci\nnpm ERR! \nnpm ERR! Options:\nnpm ERR! [--install-strategy <hoisted|nested|shallow|linked>] [--legacy-bundling]\nnpm ERR! [--global-style] [--omit <dev|optional|peer> [--omit <dev|optional|peer> ...]]\nnpm ERR! [--include <prod|dev|optional|peer> [--include <prod|dev|optional|peer> ...]]\nnpm ERR! [--strict-peer-deps] [--foreground-scripts] [--ignore-scripts] [--no-audit]\nnpm ERR! [--no-bin-links] [--no-fund] [--dry-run]\nnpm ERR! [-w|--workspace <workspace-name> [-w|--workspace <workspace-name> ...]]\nnpm ERR! [-ws|--workspaces] [--include-workspace-root] [--install-links]\nnpm ERR! \nnpm ERR! aliases: clean-install, ic, install-clean, isntall-clean\nnpm ERR! \nnpm ERR! Run \"npm help ci\" for more info\n\nnpm ERR! A complete log of this run can be found in: /www-data-home/.npm/_logs/2024-05-30T23_59_07_552Z-debug-0.log; Error ID: beaf8772"}}
[debug] [2024-05-30T23:59:43.593Z] Got source token undefined for region us-central1
[debug] [2024-05-30T23:59:43.595Z] >>> [apiv2][query] PATCH https://cloudfunctions.googleapis.com/v1/projects/truck-it-bf0b2/locations/us-central1/functions/getCountries updateMask=name%2CsourceUploadUrl%2CentryPoint%2Cruntime%2CdockerRegistry%2Clabels%2ChttpsTrigger.securityLevel%2CminInstances%2CmaxInstances%2CingressSettings%2CenvironmentVariables%2CserviceAccountEmail%2CavailableMemoryMb%2Ctimeout%2CvpcConnector%2CvpcConnectorEgressSettings%2CsourceToken%2CbuildEnvironmentVariables
[debug] [2024-05-30T23:59:43.596Z] >>> [apiv2][body] PATCH https://cloudfunctions.googleapis.com/v1/projects/truck-it-bf0b2/locations/us-central1/functions/getCountries {"name":"projects/truck-it-bf0b2/locations/us-central1/functions/getCountries","sourceUploadUrl":"https://storage.googleapis.com/uploads-536595928110.us-central1.cloudfunctions.appspot.com/c651b90d-46df-4b9e-b812-fa4250974d33.zip?GoogleAccessId=service-444807794647@gcf-admin-robot.iam.gserviceaccount.com&Expires=1717115314&Signature=NhLwcxGUqT%2BIvYiKnoW1Uwzf7ZgaQA3L2V3fbMVI4MyZcPeQdC0ppL9FnNMXCJBh5ViUgb5rleYEcdizVIU7rFfSldxoaUix%2BCp9O%2BtYcep2u59bOaF761oMJJGudQGu2tQMfxWIxQFec%2FqK6J754JwYtrjfuFWQrq%2FUgFxO2hul7gGRHV4AkZNniVUqou4AujP2LhCQ90fADmXQJlxEQd6ShZZUYF0ouG4dAxVTVPekdf0tQ7yYrStjJ89m9z%2BXjfWRjdpE0JxgcZOQAJAzlM34D5Tzrj3pYFyv60PAd69zOtRtYkw6RmuUxxMq5F%2F5itH9SBauD4yyuelKB4zEWw%3D%3D","entryPoint":"getCountries","runtime":"nodejs18","dockerRegistry":"ARTIFACT_REGISTRY","labels":{"deployment-tool":"cli-firebase","firebase-functions-hash":"e36aacb58fe5b2789ebeb52872ac8156ab5085dd"},"httpsTrigger":{"securityLevel":"SECURE_ALWAYS"},"minInstances":null,"maxInstances":null,"ingressSettings":null,"environmentVariables":{"FIREBASE_CONFIG":"{\"projectId\":\"truck-it-bf0b2\",\"storageBucket\":\"truck-it-bf0b2.appspot.com\",\"locationId\":\"us-central\"}","GCLOUD_PROJECT":"truck-it-bf0b2","EVENTARC_CLOUD_EVENT_SOURCE":"projects/truck-it-bf0b2/locations/us-central1/functions/getCountries"},"serviceAccountEmail":null,"availableMemoryMb":null,"timeout":null,"vpcConnector":null,"vpcConnectorEgressSettings":null,"buildEnvironmentVariables":{"GOOGLE_NODE_RUN_SCRIPTS":""}}
[error] Build failed: npm ERR! code EUSAGE
npm ERR! 
npm ERR! `npm ci` can only install packages when your package.json and package-lock.json or npm-shrinkwrap.json are in sync. Please update your lock file with `npm install` before continuing.
npm ERR! 
npm ERR! Missing: jest@29.7.0 from lock file
npm ERR! Missing: @jest/core@29.7.0 from lock file
npm ERR! Missing: @jest/types@29.6.3 from lock file
npm ERR! Missing: import-local@3.1.0 from lock file
npm ERR! Missing: jest-cli@29.7.0 from lock file
npm ERR! Missing: @jest/console@29.7.0 from lock file
npm ERR! Missing: @jest/reporters@29.7.0 from lock file
npm ERR! Missing: @jest/test-result@29.7.0 from lock file
npm ERR! Missing: @jest/transform@29.7.0 from lock file
npm ERR! Missing: ansi-escapes@4.3.2 from lock file
npm ERR! Missing: ci-info@3.9.0 from lock file
npm ERR! Missing: exit@0.1.2 from lock file
npm ERR! Missing: jest-changed-files@29.7.0 from lock file
npm ERR! Missing: jest-config@29.7.0 from lock file
npm ERR! Missing: jest-haste-map@29.7.0 from lock file
npm ERR! Missing: jest-message-util@29.7.0 from lock file
npm ERR! Missing: jest-regex-util@29.6.3 from lock file
npm ERR! Missing: jest-resolve@29.7.0 from lock file
npm ERR! Missing: jest-resolve-dependencies@29.7.0 from lock file
npm ERR! Missing: jest-runner@29.7.0 from lock file
npm ERR! Missing: jest-runtime@29.7.0 from lock file
npm ERR! Missing: jest-snapshot@29.7.0 from lock file
npm ERR! Missing: jest-util@29.7.0 from lock file
npm ERR! Missing: jest-validate@29.7.0 from lock file
npm ERR! Missing: jest-watcher@29.7.0 from lock file
npm ERR! Missing: micromatch@4.0.7 from lock file
npm ERR! Missing: pretty-format@29.7.0 from lock file
npm ERR! Missing: slash@3.0.0 from lock file
npm ERR! Missing: @bcoe/v8-coverage@0.2.3 from lock file
npm ERR! Missing: @jridgewell/trace-mapping@0.3.25 from lock file
npm ERR! Missing: collect-v8-coverage@1.0.2 from lock file
npm ERR! Missing: glob@7.2.3 from lock file
npm ERR! Missing: istanbul-lib-coverage@3.2.2 from lock file
npm ERR! Missing: istanbul-lib-instrument@6.0.2 from lock file
npm ERR! Missing: istanbul-lib-report@3.0.1 from lock file
npm ERR! Missing: istanbul-lib-source-maps@4.0.1 from lock file
npm ERR! Missing: istanbul-reports@3.1.7 from lock file
npm ERR! Missing: jest-worker@29.7.0 from lock file
npm ERR! Missing: string-length@4.0.2 from lock file
npm ERR! Missing: v8-to-istanbul@9.2.0 from lock file
npm ERR! Missing: @types/istanbul-lib-coverage@2.0.6 from lock file
npm ERR! Missing: @babel/core@7.24.6 from lock file
npm ERR! Missing: babel-plugin-istanbul@6.1.1 from lock file
npm ERR! Missing: convert-source-map@2.0.0 from lock file
npm ERR! Missing: fast-json-stable-stringify@2.1.0 from lock file
npm ERR! Missing: pirates@4.0.6 from lock file
npm ERR! Missing: write-file-atomic@4.0.2 from lock file
npm ERR! Missing: @ampproject/remapping@2.3.0 from lock file
npm ERR! Missing: @babel/code-frame@7.24.6 from lock file
npm ERR! Missing: @babel/generator@7.24.6 from lock file
npm ERR! Missing: @babel/helper-compilation-targets@7.24.6 from lock file
npm ERR! Missing: @babel/helper-module-transforms@7.24.6 from lock file
npm ERR! Missing: @babel/helpers@7.24.6 from lock file
npm ERR! Invalid: lock file's @babel/parser@7.23.9 does not satisfy @babel/parser@7.24.6
npm ERR! Missing: @babel/template@7.24.6 from lock file
npm ERR! Missing: @babel/traverse@7.24.6 from lock file
npm ERR! Missing: @babel/types@7.24.6 from lock file
npm ERR! Missing: debug@4.3.4 from lock file
npm ERR! Missing: gensync@1.0.0-beta.2 from lock file
npm ERR! Missing: json5@2.2.3 from lock file
npm ERR! Missing: semver@6.3.1 from lock file
npm ERR! Missing: @jridgewell/gen-mapping@0.3.5 from lock file
npm ERR! Missing: @babel/highlight@7.24.6 from lock file
npm ERR! Missing: picocolors@1.0.1 from lock file
npm ERR! Missing: jsesc@2.5.2 from lock file
npm ERR! Missing: @babel/compat-data@7.24.6 from lock file
npm ERR! Missing: @babel/helper-validator-option@7.24.6 from lock file
npm ERR! Missing: browserslist@4.23.0 from lock file
npm ERR! Missing: lru-cache@5.1.1 from lock file
npm ERR! Missing: semver@6.3.1 from lock file
npm ERR! Missing: @babel/helper-environment-visitor@7.24.6 from lock file
npm ERR! Missing: @babel/helper-module-imports@7.24.6 from lock file
npm ERR! Missing: @babel/helper-simple-access@7.24.6 from lock file
npm ERR! Missing: @babel/helper-split-export-declaration@7.24.6 from lock file
npm ERR! Missing: @babel/helper-validator-identifier@7.24.6 from lock file
npm ERR! Missing: chalk@2.4.2 from lock file
npm ERR! Missing: js-tokens@4.0.0 from lock file
npm ERR! Missing: @babel/helper-function-name@7.24.6 from lock file
npm ERR! Missing: @babel/helper-hoist-variables@7.24.6 from lock file
npm ERR! Missing: debug@4.3.4 from lock file
npm ERR! Missing: globals@11.12.0 from lock file
npm ERR! Missing: @babel/helper-string-parser@7.24.6 from lock file
npm ERR! Missing: to-fast-properties@2.0.0 from lock file
npm ERR! Missing: @jest/schemas@29.6.3 from lock file
npm ERR! Missing: @types/istanbul-reports@3.0.4 from lock file
npm ERR! Missing: @types/yargs@17.0.32 from lock file
npm ERR! Missing: @sinclair/typebox@0.27.8 from lock file
npm ERR! Missing: @jridgewell/set-array@1.2.1 from lock file
npm ERR! Missing: @jridgewell/sourcemap-codec@1.4.15 from lock file
npm ERR! Missing: @jridgewell/resolve-uri@3.1.2 from lock file
npm ERR! Missing: @types/istanbul-lib-report@3.0.3 from lock file
npm ERR! Missing: @types/yargs-parser@21.0.3 from lock file
npm ERR! Missing: type-fest@0.21.3 from lock file
npm ERR! Missing: @babel/helper-plugin-utils@7.24.6 from lock file
npm ERR! Missing: @istanbuljs/load-nyc-config@1.1.0 from lock file
npm ERR! Missing: @istanbuljs/schema@0.1.3 from lock file
npm ERR! Missing: istanbul-lib-instrument@5.2.1 from lock file
npm ERR! Missing: test-exclude@6.0.0 from lock file
npm ERR! Missing: camelcase@5.3.1 from lock file
npm ERR! Missing: find-up@4.1.0 from lock file
npm ERR! Missing: get-package-type@0.1.0 from lock file
npm ERR! Missing: js-yaml@3.14.1 from lock file
npm ERR! Missing: resolve-from@5.0.0 from lock file
npm ERR! Missing: caniuse-lite@1.0.30001625 from lock file
npm ERR! Missing: electron-to-chromium@1.4.787 from lock file
npm ERR! Missing: node-releases@2.0.14 from lock file
npm ERR! Missing: update-browserslist-db@1.0.16 from lock file
npm ERR! Missing: locate-path@5.0.0 from lock file
npm ERR! Missing: path-exists@4.0.0 from lock file
npm ERR! Missing: pkg-dir@4.2.0 from lock file
npm ERR! Missing: resolve-cwd@3.0.0 from lock file
npm ERR! Missing: make-dir@4.0.0 from lock file
npm ERR! Missing: debug@4.3.4 from lock file
npm ERR! Missing: html-escaper@2.0.2 from lock file
npm ERR! Missing: execa@5.1.1 from lock file
npm ERR! Missing: cross-spawn@7.0.3 from lock file
npm ERR! Missing: get-stream@6.0.1 from lock file
npm ERR! Missing: human-signals@2.1.0 from lock file
npm ERR! Missing: merge-stream@2.0.0 from lock file
npm ERR! Missing: npm-run-path@4.0.1 from lock file
npm ERR! Missing: onetime@5.1.2 from lock file
npm ERR! Missing: signal-exit@3.0.7 from lock file
npm ERR! Missing: strip-final-newline@2.0.0 from lock file
npm ERR! Missing: path-key@3.1.1 from lock file
npm ERR! Missing: shebang-command@2.0.0 from lock file
npm ERR! Missing: which@2.0.2 from lock file
npm ERR! Missing: create-jest@29.7.0 from lock file
npm ERR! Missing: prompts@2.4.2 from lock file
npm ERR! Missing: @jest/test-sequencer@29.7.0 from lock file
npm ERR! Missing: babel-jest@29.7.0 from lock file
npm ERR! Missing: deepmerge@4.3.1 from lock file
npm ERR! Missing: glob@7.2.3 from lock file
npm ERR! Missing: jest-circus@29.7.0 from lock file
npm ERR! Missing: jest-environment-node@29.7.0 from lock file
npm ERR! Missing: jest-get-type@29.6.3 from lock file
npm ERR! Missing: parse-json@5.2.0 from lock file
npm ERR! Missing: @types/babel__core@7.20.5 from lock file
npm ERR! Missing: babel-preset-jest@29.6.3 from lock file
npm ERR! Missing: @types/babel__generator@7.6.8 from lock file
npm ERR! Missing: @types/babel__template@7.4.4 from lock file
npm ERR! Missing: @types/babel__traverse@7.20.6 from lock file
npm ERR! Missing: babel-plugin-jest-hoist@29.6.3 from lock file
npm ERR! Missing: babel-preset-current-node-syntax@1.0.1 from lock file
npm ERR! Missing: @babel/plugin-syntax-async-generators@7.8.4 from lock file
npm ERR! Missing: @babel/plugin-syntax-bigint@7.8.3 from lock file
npm ERR! Missing: @babel/plugin-syntax-class-properties@7.12.13 from lock file
npm ERR! Missing: @babel/plugin-syntax-import-meta@7.10.4 from lock file
npm ERR! Missing: @babel/plugin-syntax-json-strings@7.8.3 from lock file
npm ERR! Missing: @babel/plugin-syntax-logical-assignment-operators@7.10.4 from lock file
npm ERR! Missing: @babel/plugin-syntax-nullish-coalescing-operator@7.8.3 from lock file
npm ERR! Missing: @babel/plugin-syntax-numeric-separator@7.10.4 from lock file
npm ERR! Missing: @babel/plugin-syntax-object-rest-spread@7.8.3 from lock file
npm ERR! Missing: @babel/plugin-syntax-optional-catch-binding@7.8.3 from lock file
npm ERR! Missing: @babel/plugin-syntax-optional-chaining@7.8.3 from lock file
npm ERR! Missing: @babel/plugin-syntax-top-level-await@7.14.5 from lock file
npm ERR! Missing: @jest/environment@29.7.0 from lock file
npm ERR! Missing: @jest/expect@29.7.0 from lock file
npm ERR! Missing: co@4.6.0 from lock file
npm ERR! Missing: dedent@1.5.3 from lock file
npm ERR! Missing: is-generator-fn@2.1.0 from lock file
npm ERR! Missing: jest-each@29.7.0 from lock file
npm ERR! Missing: jest-matcher-utils@29.7.0 from lock file
npm ERR! Missing: pure-rand@6.1.0 from lock file
npm ERR! Missing: stack-utils@2.0.6 from lock file
npm ERR! Missing: @jest/fake-timers@29.7.0 from lock file
npm ERR! Missing: jest-mock@29.7.0 from lock file
npm ERR! Missing: expect@29.7.0 from lock file
npm ERR! Missing: @sinonjs/fake-timers@10.3.0 from lock file
npm ERR! Missing: @sinonjs/commons@3.0.1 from lock file
npm ERR! Missing: type-detect@4.0.8 from lock file
npm ERR! Missing: @jest/expect-utils@29.7.0 from lock file
npm ERR! Missing: @types/graceful-fs@4.1.9 from lock file
npm ERR! Missing: anymatch@3.1.3 from lock file
npm ERR! Missing: fb-watchman@2.0.2 from lock file
npm ERR! Missing: fsevents@2.3.3 from lock file
npm ERR! Missing: walker@1.0.8 from lock file
npm ERR! Missing: normalize-path@3.0.0 from lock file
npm ERR! Missing: picomatch@2.3.1 from lock file
npm ERR! Missing: bser@2.1.1 from lock file
npm ERR! Missing: node-int64@0.4.0 from lock file
npm ERR! Missing: jest-diff@29.7.0 from lock file
npm ERR! Missing: diff-sequences@29.6.3 from lock file
npm ERR! Missing: @types/stack-utils@2.0.3 from lock file
npm ERR! Missing: jest-pnp-resolver@1.2.3 from lock file
npm ERR! Missing: resolve@1.22.8 from lock file
npm ERR! Missing: resolve.exports@2.0.2 from lock file
npm ERR! Missing: emittery@0.13.1 from lock file
npm ERR! Missing: jest-docblock@29.7.0 from lock file
npm ERR! Missing: jest-leak-detector@29.7.0 from lock file
npm ERR! Missing: source-map-support@0.5.13 from lock file
npm ERR! Missing: detect-newline@3.1.0 from lock file
npm ERR! Missing: @jest/globals@29.7.0 from lock file
npm ERR! Missing: @jest/source-map@29.6.3 from lock file
npm ERR! Missing: cjs-module-lexer@1.3.1 from lock file
npm ERR! Missing: glob@7.2.3 from lock file
npm ERR! Missing: strip-bom@4.0.0 from lock file
npm ERR! Missing: callsites@3.1.0 from lock file
npm ERR! Missing: @babel/plugin-syntax-jsx@7.24.6 from lock file
npm ERR! Missing: @babel/plugin-syntax-typescript@7.24.6 from lock file
npm ERR! Missing: natural-compare@1.4.0 from lock file
npm ERR! Missing: camelcase@6.3.0 from lock file
npm ERR! Missing: leven@3.1.0 from lock file
npm ERR! Missing: supports-color@8.1.1 from lock file
npm ERR! Missing: argparse@1.0.10 from lock file
npm ERR! Missing: p-locate@4.1.0 from lock file
npm ERR! Missing: braces@3.0.3 from lock file
npm ERR! Missing: fill-range@7.1.1 from lock file
npm ERR! Missing: to-regex-range@5.0.1 from lock file
npm ERR! Missing: mimic-fn@2.1.0 from lock file
npm ERR! Missing: p-limit@2.3.0 from lock file
npm ERR! Missing: error-ex@1.3.2 from lock file
npm ERR! Missing: json-parse-even-better-errors@2.3.1 from lock file
npm ERR! Missing: lines-and-columns@1.2.4 from lock file
npm ERR! Missing: is-arrayish@0.2.1 from lock file
npm ERR! Missing: ansi-styles@5.2.0 from lock file
npm ERR! Missing: react-is@18.3.1 from lock file
npm ERR! Missing: kleur@3.0.3 from lock file
npm ERR! Missing: sisteransi@1.0.5 from lock file
npm ERR! Missing: is-core-module@2.13.1 from lock file
npm ERR! Missing: path-parse@1.0.7 from lock file
npm ERR! Missing: supports-preserve-symlinks-flag@1.0.0 from lock file
npm ERR! Missing: shebang-regex@3.0.0 from lock file
npm ERR! Missing: buffer-from@1.1.2 from lock file
npm ERR! Missing: char-regex@1.0.2 from lock file
npm ERR! Missing: glob@7.2.3 from lock file
npm ERR! Missing: minimatch@3.1.2 from lock file
npm ERR! Missing: is-number@7.0.0 from lock file
npm ERR! Missing: makeerror@1.0.12 from lock file
npm ERR! Missing: tmpl@1.0.5 from lock file
npm ERR! Missing: isexe@2.0.0 from lock file
npm ERR! Missing: imurmurhash@0.1.4 from lock file
npm ERR! Missing: ms@2.1.2 from lock file
npm ERR! Missing: yallist@3.1.1 from lock file
npm ERR! Missing: ansi-styles@3.2.1 from lock file
npm ERR! Missing: escape-string-regexp@1.0.5 from lock file
npm ERR! Missing: supports-color@5.5.0 from lock file
npm ERR! Missing: color-convert@1.9.3 from lock file
npm ERR! Missing: color-name@1.1.3 from lock file
npm ERR! Missing: has-flag@3.0.0 from lock file
npm ERR! Missing: ms@2.1.2 from lock file
npm ERR! Missing: minimatch@3.1.2 from lock file
npm ERR! Missing: brace-expansion@1.1.11 from lock file
npm ERR! Missing: semver@6.3.1 from lock file
npm ERR! Missing: ms@2.1.2 from lock file
npm ERR! Missing: minimatch@3.1.2 from lock file
npm ERR! Missing: brace-expansion@1.1.11 from lock file
npm ERR! Missing: minimatch@3.1.2 from lock file
npm ERR! Missing: brace-expansion@1.1.11 from lock file
npm ERR! Missing: sprintf-js@1.0.3 from lock file
npm ERR! Missing: p-try@2.2.0 from lock file
npm ERR! Missing: brace-expansion@1.1.11 from lock file
npm ERR! 
npm ERR! Clean install a project
npm ERR! 
npm ERR! Usage:
npm ERR! npm ci
npm ERR! 
npm ERR! Options:
npm ERR! [--install-strategy <hoisted|nested|shallow|linked>] [--legacy-bundling]
npm ERR! [--global-style] [--omit <dev|optional|peer> [--omit <dev|optional|peer> ...]]
npm ERR! [--include <prod|dev|optional|peer> [--include <prod|dev|optional|peer> ...]]
npm ERR! [--strict-peer-deps] [--foreground-scripts] [--ignore-scripts] [--no-audit]
npm ERR! [--no-bin-links] [--no-fund] [--dry-run]
npm ERR! [-w|--workspace <workspace-name> [-w|--workspace <workspace-name> ...]]
npm ERR! [-ws|--workspaces] [--include-workspace-root] [--install-links]
npm ERR! 
npm ERR! aliases: clean-install, ic, install-clean, isntall-clean
npm ERR! 
npm ERR! Run "npm help ci" for more info

npm ERR! A complete log of this run can be found in: /www-data-home/.npm/_logs/2024-05-30T23_59_07_552Z-debug-0.log; Error ID: beaf8772
[debug] [2024-05-30T23:59:44.340Z] <<< [apiv2][status] PATCH https://cloudfunctions.googleapis.com/v1/projects/truck-it-bf0b2/locations/us-central1/functions/getCountries 200
[debug] [2024-05-30T23:59:44.342Z] <<< [apiv2][body] PATCH https://cloudfunctions.googleapis.com/v1/projects/truck-it-bf0b2/locations/us-central1/functions/getCountries {"name":"operations/dHJ1Y2staXQtYmYwYjIvdXMtY2VudHJhbDEvZ2V0Q291bnRyaWVzL3dLSi14bkRwWmFF","metadata":{"@type":"type.googleapis.com/google.cloud.functions.v1.OperationMetadataV1","target":"projects/truck-it-bf0b2/locations/us-central1/functions/getCountries","type":"UPDATE_FUNCTION","request":{"@type":"type.googleapis.com/google.cloud.functions.v1.CloudFunction","name":"projects/truck-it-bf0b2/locations/us-central1/functions/getCountries","httpsTrigger":{"url":"https://us-central1-truck-it-bf0b2.cloudfunctions.net/getCountries","securityLevel":"SECURE_ALWAYS"},"status":"OFFLINE","entryPoint":"getCountries","updateTime":"2024-05-30T23:32:54.541Z","versionId":"2","labels":{"deployment-tool":"cli-firebase","firebase-functions-hash":"e36aacb58fe5b2789ebeb52872ac8156ab5085dd"},"sourceUploadUrl":"https://storage.googleapis.com/uploads-536595928110.us-central1.cloudfunctions.appspot.com/c651b90d-46df-4b9e-b812-fa4250974d33.zip?GoogleAccessId=service-444807794647@gcf-admin-robot.iam.gserviceaccount.com&Expires=1717115314&Signature=NhLwcxGUqT%2BIvYiKnoW1Uwzf7ZgaQA3L2V3fbMVI4MyZcPeQdC0ppL9FnNMXCJBh5ViUgb5rleYEcdizVIU7rFfSldxoaUix%2BCp9O%2BtYcep2u59bOaF761oMJJGudQGu2tQMfxWIxQFec%2FqK6J754JwYtrjfuFWQrq%2FUgFxO2hul7gGRHV4AkZNniVUqou4AujP2LhCQ90fADmXQJlxEQd6ShZZUYF0ouG4dAxVTVPekdf0tQ7yYrStjJ89m9z%2BXjfWRjdpE0JxgcZOQAJAzlM34D5Tzrj3pYFyv60PAd69zOtRtYkw6RmuUxxMq5F%2F5itH9SBauD4yyuelKB4zEWw%3D%3D","environmentVariables":{"FIREBASE_CONFIG":"{\"projectId\":\"truck-it-bf0b2\",\"storageBucket\":\"truck-it-bf0b2.appspot.com\",\"locationId\":\"us-central\"}","GCLOUD_PROJECT":"truck-it-bf0b2","EVENTARC_CLOUD_EVENT_SOURCE":"projects/truck-it-bf0b2/locations/us-central1/functions/getCountries"},"runtime":"nodejs18","buildId":"272f697a-2a0d-440c-bf9a-bc1c85aff7de","buildEnvironmentVariables":{"GOOGLE_NODE_RUN_SCRIPTS":""},"buildName":"projects/444807794647/locations/us-central1/builds/272f697a-2a0d-440c-bf9a-bc1c85aff7de","dockerRegistry":"ARTIFACT_REGISTRY","automaticUpdatePolicy":{}},"versionId":"3","updateTime":"2024-05-30T23:59:42Z"}}
[debug] [2024-05-30T23:59:44.346Z] >>> [apiv2][query] GET https://cloudfunctions.googleapis.com/v1/operations/dHJ1Y2staXQtYmYwYjIvdXMtY2VudHJhbDEvZ2V0Q291bnRyaWVzL3dLSi14bkRwWmFF [none]
[debug] [2024-05-30T23:59:44.722Z] <<< [apiv2][status] GET https://cloudfunctions.googleapis.com/v1/operations/dHJ1Y2staXQtYmYwYjIvdXMtY2VudHJhbDEvZ2V0Q291bnRyaWVzL3dLSi14bkRwWmFF 200
[debug] [2024-05-30T23:59:44.723Z] <<< [apiv2][body] GET https://cloudfunctions.googleapis.com/v1/operations/dHJ1Y2staXQtYmYwYjIvdXMtY2VudHJhbDEvZ2V0Q291bnRyaWVzL3dLSi14bkRwWmFF {"name":"operations/dHJ1Y2staXQtYmYwYjIvdXMtY2VudHJhbDEvZ2V0Q291bnRyaWVzL3dLSi14bkRwWmFF","metadata":{"@type":"type.googleapis.com/google.cloud.functions.v1.OperationMetadataV1","target":"projects/truck-it-bf0b2/locations/us-central1/functions/getCountries","type":"UPDATE_FUNCTION","request":{"@type":"type.googleapis.com/google.cloud.functions.v1.CloudFunction","name":"projects/truck-it-bf0b2/locations/us-central1/functions/getCountries","httpsTrigger":{"url":"https://us-central1-truck-it-bf0b2.cloudfunctions.net/getCountries","securityLevel":"SECURE_ALWAYS"},"status":"OFFLINE","entryPoint":"getCountries","updateTime":"2024-05-30T23:32:54.541Z","versionId":"2","labels":{"deployment-tool":"cli-firebase","firebase-functions-hash":"e36aacb58fe5b2789ebeb52872ac8156ab5085dd"},"sourceUploadUrl":"https://storage.googleapis.com/uploads-536595928110.us-central1.cloudfunctions.appspot.com/c651b90d-46df-4b9e-b812-fa4250974d33.zip?GoogleAccessId=service-444807794647@gcf-admin-robot.iam.gserviceaccount.com&Expires=1717115314&Signature=NhLwcxGUqT%2BIvYiKnoW1Uwzf7ZgaQA3L2V3fbMVI4MyZcPeQdC0ppL9FnNMXCJBh5ViUgb5rleYEcdizVIU7rFfSldxoaUix%2BCp9O%2BtYcep2u59bOaF761oMJJGudQGu2tQMfxWIxQFec%2FqK6J754JwYtrjfuFWQrq%2FUgFxO2hul7gGRHV4AkZNniVUqou4AujP2LhCQ90fADmXQJlxEQd6ShZZUYF0ouG4dAxVTVPekdf0tQ7yYrStjJ89m9z%2BXjfWRjdpE0JxgcZOQAJAzlM34D5Tzrj3pYFyv60PAd69zOtRtYkw6RmuUxxMq5F%2F5itH9SBauD4yyuelKB4zEWw%3D%3D","environmentVariables":{"FIREBASE_CONFIG":"{\"projectId\":\"truck-it-bf0b2\",\"storageBucket\":\"truck-it-bf0b2.appspot.com\",\"locationId\":\"us-central\"}","GCLOUD_PROJECT":"truck-it-bf0b2","EVENTARC_CLOUD_EVENT_SOURCE":"projects/truck-it-bf0b2/locations/us-central1/functions/getCountries"},"runtime":"nodejs18","buildId":"272f697a-2a0d-440c-bf9a-bc1c85aff7de","buildEnvironmentVariables":{"GOOGLE_NODE_RUN_SCRIPTS":""},"buildName":"projects/444807794647/locations/us-central1/builds/272f697a-2a0d-440c-bf9a-bc1c85aff7de","dockerRegistry":"ARTIFACT_REGISTRY","automaticUpdatePolicy":{}},"versionId":"3","updateTime":"2024-05-30T23:59:42Z"}}
[debug] [2024-05-30T23:59:45.236Z] [update-default-us-central1-getCountries] Retrying task index 0
[debug] [2024-05-30T23:59:45.237Z] >>> [apiv2][query] GET https://cloudfunctions.googleapis.com/v1/operations/dHJ1Y2staXQtYmYwYjIvdXMtY2VudHJhbDEvZ2V0Q291bnRyaWVzL3dLSi14bkRwWmFF [none]
[debug] [2024-05-30T23:59:45.631Z] <<< [apiv2][status] GET https://cloudfunctions.googleapis.com/v1/operations/dHJ1Y2staXQtYmYwYjIvdXMtY2VudHJhbDEvZ2V0Q291bnRyaWVzL3dLSi14bkRwWmFF 200
[debug] [2024-05-30T23:59:45.632Z] <<< [apiv2][body] GET https://cloudfunctions.googleapis.com/v1/operations/dHJ1Y2staXQtYmYwYjIvdXMtY2VudHJhbDEvZ2V0Q291bnRyaWVzL3dLSi14bkRwWmFF {"name":"operations/dHJ1Y2staXQtYmYwYjIvdXMtY2VudHJhbDEvZ2V0Q291bnRyaWVzL3dLSi14bkRwWmFF","metadata":{"@type":"type.googleapis.com/google.cloud.functions.v1.OperationMetadataV1","target":"projects/truck-it-bf0b2/locations/us-central1/functions/getCountries","type":"UPDATE_FUNCTION","request":{"@type":"type.googleapis.com/google.cloud.functions.v1.CloudFunction","name":"projects/truck-it-bf0b2/locations/us-central1/functions/getCountries","httpsTrigger":{"url":"https://us-central1-truck-it-bf0b2.cloudfunctions.net/getCountries","securityLevel":"SECURE_ALWAYS"},"status":"OFFLINE","entryPoint":"getCountries","updateTime":"2024-05-30T23:32:54.541Z","versionId":"2","labels":{"deployment-tool":"cli-firebase","firebase-functions-hash":"e36aacb58fe5b2789ebeb52872ac8156ab5085dd"},"sourceUploadUrl":"https://storage.googleapis.com/uploads-536595928110.us-central1.cloudfunctions.appspot.com/c651b90d-46df-4b9e-b812-fa4250974d33.zip?GoogleAccessId=service-444807794647@gcf-admin-robot.iam.gserviceaccount.com&Expires=1717115314&Signature=NhLwcxGUqT%2BIvYiKnoW1Uwzf7ZgaQA3L2V3fbMVI4MyZcPeQdC0ppL9FnNMXCJBh5ViUgb5rleYEcdizVIU7rFfSldxoaUix%2BCp9O%2BtYcep2u59bOaF761oMJJGudQGu2tQMfxWIxQFec%2FqK6J754JwYtrjfuFWQrq%2FUgFxO2hul7gGRHV4AkZNniVUqou4AujP2LhCQ90fADmXQJlxEQd6ShZZUYF0ouG4dAxVTVPekdf0tQ7yYrStjJ89m9z%2BXjfWRjdpE0JxgcZOQAJAzlM34D5Tzrj3pYFyv60PAd69zOtRtYkw6RmuUxxMq5F%2F5itH9SBauD4yyuelKB4zEWw%3D%3D","environmentVariables":{"FIREBASE_CONFIG":"{\"projectId\":\"truck-it-bf0b2\",\"storageBucket\":\"truck-it-bf0b2.appspot.com\",\"locationId\":\"us-central\"}","GCLOUD_PROJECT":"truck-it-bf0b2","EVENTARC_CLOUD_EVENT_SOURCE":"projects/truck-it-bf0b2/locations/us-central1/functions/getCountries"},"runtime":"nodejs18","buildId":"272f697a-2a0d-440c-bf9a-bc1c85aff7de","buildEnvironmentVariables":{"GOOGLE_NODE_RUN_SCRIPTS":""},"buildName":"projects/444807794647/locations/us-central1/builds/272f697a-2a0d-440c-bf9a-bc1c85aff7de","dockerRegistry":"ARTIFACT_REGISTRY","automaticUpdatePolicy":{}},"versionId":"3","updateTime":"2024-05-30T23:59:42Z","buildId":"8f109723-a628-4f49-941e-e6a3af21f7f5","buildName":"projects/444807794647/locations/us-central1/builds/8f109723-a628-4f49-941e-e6a3af21f7f5"}}
[debug] [2024-05-30T23:59:46.685Z] [update-default-us-central1-getCountries] Retrying task index 0
[debug] [2024-05-30T23:59:46.686Z] >>> [apiv2][query] GET https://cloudfunctions.googleapis.com/v1/operations/dHJ1Y2staXQtYmYwYjIvdXMtY2VudHJhbDEvZ2V0Q291bnRyaWVzL3dLSi14bkRwWmFF [none]
[debug] [2024-05-30T23:59:47.365Z] <<< [apiv2][status] GET https://cloudfunctions.googleapis.com/v1/operations/dHJ1Y2staXQtYmYwYjIvdXMtY2VudHJhbDEvZ2V0Q291bnRyaWVzL3dLSi14bkRwWmFF 200
[debug] [2024-05-30T23:59:47.366Z] <<< [apiv2][body] GET https://cloudfunctions.googleapis.com/v1/operations/dHJ1Y2staXQtYmYwYjIvdXMtY2VudHJhbDEvZ2V0Q291bnRyaWVzL3dLSi14bkRwWmFF {"name":"operations/dHJ1Y2staXQtYmYwYjIvdXMtY2VudHJhbDEvZ2V0Q291bnRyaWVzL3dLSi14bkRwWmFF","metadata":{"@type":"type.googleapis.com/google.cloud.functions.v1.OperationMetadataV1","target":"projects/truck-it-bf0b2/locations/us-central1/functions/getCountries","type":"UPDATE_FUNCTION","request":{"@type":"type.googleapis.com/google.cloud.functions.v1.CloudFunction","name":"projects/truck-it-bf0b2/locations/us-central1/functions/getCountries","httpsTrigger":{"url":"https://us-central1-truck-it-bf0b2.cloudfunctions.net/getCountries","securityLevel":"SECURE_ALWAYS"},"status":"OFFLINE","entryPoint":"getCountries","updateTime":"2024-05-30T23:32:54.541Z","versionId":"2","labels":{"deployment-tool":"cli-firebase","firebase-functions-hash":"e36aacb58fe5b2789ebeb52872ac8156ab5085dd"},"sourceUploadUrl":"https://storage.googleapis.com/uploads-536595928110.us-central1.cloudfunctions.appspot.com/c651b90d-46df-4b9e-b812-fa4250974d33.zip?GoogleAccessId=service-444807794647@gcf-admin-robot.iam.gserviceaccount.com&Expires=1717115314&Signature=NhLwcxGUqT%2BIvYiKnoW1Uwzf7ZgaQA3L2V3fbMVI4MyZcPeQdC0ppL9FnNMXCJBh5ViUgb5rleYEcdizVIU7rFfSldxoaUix%2BCp9O%2BtYcep2u59bOaF761oMJJGudQGu2tQMfxWIxQFec%2FqK6J754JwYtrjfuFWQrq%2FUgFxO2hul7gGRHV4AkZNniVUqou4AujP2LhCQ90fADmXQJlxEQd6ShZZUYF0ouG4dAxVTVPekdf0tQ7yYrStjJ89m9z%2BXjfWRjdpE0JxgcZOQAJAzlM34D5Tzrj3pYFyv60PAd69zOtRtYkw6RmuUxxMq5F%2F5itH9SBauD4yyuelKB4zEWw%3D%3D","environmentVariables":{"FIREBASE_CONFIG":"{\"projectId\":\"truck-it-bf0b2\",\"storageBucket\":\"truck-it-bf0b2.appspot.com\",\"locationId\":\"us-central\"}","GCLOUD_PROJECT":"truck-it-bf0b2","EVENTARC_CLOUD_EVENT_SOURCE":"projects/truck-it-bf0b2/locations/us-central1/functions/getCountries"},"runtime":"nodejs18","buildId":"272f697a-2a0d-440c-bf9a-bc1c85aff7de","buildEnvironmentVariables":{"GOOGLE_NODE_RUN_SCRIPTS":""},"buildName":"projects/444807794647/locations/us-central1/builds/272f697a-2a0d-440c-bf9a-bc1c85aff7de","dockerRegistry":"ARTIFACT_REGISTRY","automaticUpdatePolicy":{}},"versionId":"3","updateTime":"2024-05-30T23:59:42Z","buildId":"8f109723-a628-4f49-941e-e6a3af21f7f5","buildName":"projects/444807794647/locations/us-central1/builds/8f109723-a628-4f49-941e-e6a3af21f7f5"}}
[debug] [2024-05-30T23:59:49.376Z] [update-default-us-central1-getCountries] Retrying task index 0
[debug] [2024-05-30T23:59:49.377Z] >>> [apiv2][query] GET https://cloudfunctions.googleapis.com/v1/operations/dHJ1Y2staXQtYmYwYjIvdXMtY2VudHJhbDEvZ2V0Q291bnRyaWVzL3dLSi14bkRwWmFF [none]
[debug] [2024-05-30T23:59:49.757Z] <<< [apiv2][status] GET https://cloudfunctions.googleapis.com/v1/operations/dHJ1Y2staXQtYmYwYjIvdXMtY2VudHJhbDEvZ2V0Q291bnRyaWVzL3dLSi14bkRwWmFF 200
[debug] [2024-05-30T23:59:49.758Z] <<< [apiv2][body] GET https://cloudfunctions.googleapis.com/v1/operations/dHJ1Y2staXQtYmYwYjIvdXMtY2VudHJhbDEvZ2V0Q291bnRyaWVzL3dLSi14bkRwWmFF {"name":"operations/dHJ1Y2staXQtYmYwYjIvdXMtY2VudHJhbDEvZ2V0Q291bnRyaWVzL3dLSi14bkRwWmFF","metadata":{"@type":"type.googleapis.com/google.cloud.functions.v1.OperationMetadataV1","target":"projects/truck-it-bf0b2/locations/us-central1/functions/getCountries","type":"UPDATE_FUNCTION","request":{"@type":"type.googleapis.com/google.cloud.functions.v1.CloudFunction","name":"projects/truck-it-bf0b2/locations/us-central1/functions/getCountries","httpsTrigger":{"url":"https://us-central1-truck-it-bf0b2.cloudfunctions.net/getCountries","securityLevel":"SECURE_ALWAYS"},"status":"OFFLINE","entryPoint":"getCountries","updateTime":"2024-05-30T23:32:54.541Z","versionId":"2","labels":{"deployment-tool":"cli-firebase","firebase-functions-hash":"e36aacb58fe5b2789ebeb52872ac8156ab5085dd"},"sourceUploadUrl":"https://storage.googleapis.com/uploads-536595928110.us-central1.cloudfunctions.appspot.com/c651b90d-46df-4b9e-b812-fa4250974d33.zip?GoogleAccessId=service-444807794647@gcf-admin-robot.iam.gserviceaccount.com&Expires=1717115314&Signature=NhLwcxGUqT%2BIvYiKnoW1Uwzf7ZgaQA3L2V3fbMVI4MyZcPeQdC0ppL9FnNMXCJBh5ViUgb5rleYEcdizVIU7rFfSldxoaUix%2BCp9O%2BtYcep2u59bOaF761oMJJGudQGu2tQMfxWIxQFec%2FqK6J754JwYtrjfuFWQrq%2FUgFxO2hul7gGRHV4AkZNniVUqou4AujP2LhCQ90fADmXQJlxEQd6ShZZUYF0ouG4dAxVTVPekdf0tQ7yYrStjJ89m9z%2BXjfWRjdpE0JxgcZOQAJAzlM34D5Tzrj3pYFyv60PAd69zOtRtYkw6RmuUxxMq5F%2F5itH9SBauD4yyuelKB4zEWw%3D%3D","environmentVariables":{"FIREBASE_CONFIG":"{\"projectId\":\"truck-it-bf0b2\",\"storageBucket\":\"truck-it-bf0b2.appspot.com\",\"locationId\":\"us-central\"}","GCLOUD_PROJECT":"truck-it-bf0b2","EVENTARC_CLOUD_EVENT_SOURCE":"projects/truck-it-bf0b2/locations/us-central1/functions/getCountries"},"runtime":"nodejs18","buildId":"272f697a-2a0d-440c-bf9a-bc1c85aff7de","buildEnvironmentVariables":{"GOOGLE_NODE_RUN_SCRIPTS":""},"buildName":"projects/444807794647/locations/us-central1/builds/272f697a-2a0d-440c-bf9a-bc1c85aff7de","dockerRegistry":"ARTIFACT_REGISTRY","automaticUpdatePolicy":{}},"versionId":"3","updateTime":"2024-05-30T23:59:42Z","buildId":"8f109723-a628-4f49-941e-e6a3af21f7f5","buildName":"projects/444807794647/locations/us-central1/builds/8f109723-a628-4f49-941e-e6a3af21f7f5"}}
[debug] [2024-05-30T23:59:53.764Z] [update-default-us-central1-getCountries] Retrying task index 0
[debug] [2024-05-30T23:59:53.765Z] >>> [apiv2][query] GET https://cloudfunctions.googleapis.com/v1/operations/dHJ1Y2staXQtYmYwYjIvdXMtY2VudHJhbDEvZ2V0Q291bnRyaWVzL3dLSi14bkRwWmFF [none]
[debug] [2024-05-30T23:59:54.471Z] <<< [apiv2][status] GET https://cloudfunctions.googleapis.com/v1/operations/dHJ1Y2staXQtYmYwYjIvdXMtY2VudHJhbDEvZ2V0Q291bnRyaWVzL3dLSi14bkRwWmFF 200
[debug] [2024-05-30T23:59:54.472Z] <<< [apiv2][body] GET https://cloudfunctions.googleapis.com/v1/operations/dHJ1Y2staXQtYmYwYjIvdXMtY2VudHJhbDEvZ2V0Q291bnRyaWVzL3dLSi14bkRwWmFF {"name":"operations/dHJ1Y2staXQtYmYwYjIvdXMtY2VudHJhbDEvZ2V0Q291bnRyaWVzL3dLSi14bkRwWmFF","metadata":{"@type":"type.googleapis.com/google.cloud.functions.v1.OperationMetadataV1","target":"projects/truck-it-bf0b2/locations/us-central1/functions/getCountries","type":"UPDATE_FUNCTION","request":{"@type":"type.googleapis.com/google.cloud.functions.v1.CloudFunction","name":"projects/truck-it-bf0b2/locations/us-central1/functions/getCountries","httpsTrigger":{"url":"https://us-central1-truck-it-bf0b2.cloudfunctions.net/getCountries","securityLevel":"SECURE_ALWAYS"},"status":"OFFLINE","entryPoint":"getCountries","updateTime":"2024-05-30T23:32:54.541Z","versionId":"2","labels":{"deployment-tool":"cli-firebase","firebase-functions-hash":"e36aacb58fe5b2789ebeb52872ac8156ab5085dd"},"sourceUploadUrl":"https://storage.googleapis.com/uploads-536595928110.us-central1.cloudfunctions.appspot.com/c651b90d-46df-4b9e-b812-fa4250974d33.zip?GoogleAccessId=service-444807794647@gcf-admin-robot.iam.gserviceaccount.com&Expires=1717115314&Signature=NhLwcxGUqT%2BIvYiKnoW1Uwzf7ZgaQA3L2V3fbMVI4MyZcPeQdC0ppL9FnNMXCJBh5ViUgb5rleYEcdizVIU7rFfSldxoaUix%2BCp9O%2BtYcep2u59bOaF761oMJJGudQGu2tQMfxWIxQFec%2FqK6J754JwYtrjfuFWQrq%2FUgFxO2hul7gGRHV4AkZNniVUqou4AujP2LhCQ90fADmXQJlxEQd6ShZZUYF0ouG4dAxVTVPekdf0tQ7yYrStjJ89m9z%2BXjfWRjdpE0JxgcZOQAJAzlM34D5Tzrj3pYFyv60PAd69zOtRtYkw6RmuUxxMq5F%2F5itH9SBauD4yyuelKB4zEWw%3D%3D","environmentVariables":{"FIREBASE_CONFIG":"{\"projectId\":\"truck-it-bf0b2\",\"storageBucket\":\"truck-it-bf0b2.appspot.com\",\"locationId\":\"us-central\"}","GCLOUD_PROJECT":"truck-it-bf0b2","EVENTARC_CLOUD_EVENT_SOURCE":"projects/truck-it-bf0b2/locations/us-central1/functions/getCountries"},"runtime":"nodejs18","buildId":"272f697a-2a0d-440c-bf9a-bc1c85aff7de","buildEnvironmentVariables":{"GOOGLE_NODE_RUN_SCRIPTS":""},"buildName":"projects/444807794647/locations/us-central1/builds/272f697a-2a0d-440c-bf9a-bc1c85aff7de","dockerRegistry":"ARTIFACT_REGISTRY","automaticUpdatePolicy":{}},"versionId":"3","updateTime":"2024-05-30T23:59:42Z","buildId":"8f109723-a628-4f49-941e-e6a3af21f7f5","buildName":"projects/444807794647/locations/us-central1/builds/8f109723-a628-4f49-941e-e6a3af21f7f5"}}
[debug] [2024-05-31T00:00:02.479Z] [update-default-us-central1-getCountries] Retrying task index 0
[debug] [2024-05-31T00:00:02.480Z] >>> [apiv2][query] GET https://cloudfunctions.googleapis.com/v1/operations/dHJ1Y2staXQtYmYwYjIvdXMtY2VudHJhbDEvZ2V0Q291bnRyaWVzL3dLSi14bkRwWmFF [none]
[debug] [2024-05-31T00:00:02.982Z] <<< [apiv2][status] GET https://cloudfunctions.googleapis.com/v1/operations/dHJ1Y2staXQtYmYwYjIvdXMtY2VudHJhbDEvZ2V0Q291bnRyaWVzL3dLSi14bkRwWmFF 200
[debug] [2024-05-31T00:00:02.983Z] <<< [apiv2][body] GET https://cloudfunctions.googleapis.com/v1/operations/dHJ1Y2staXQtYmYwYjIvdXMtY2VudHJhbDEvZ2V0Q291bnRyaWVzL3dLSi14bkRwWmFF {"name":"operations/dHJ1Y2staXQtYmYwYjIvdXMtY2VudHJhbDEvZ2V0Q291bnRyaWVzL3dLSi14bkRwWmFF","metadata":{"@type":"type.googleapis.com/google.cloud.functions.v1.OperationMetadataV1","target":"projects/truck-it-bf0b2/locations/us-central1/functions/getCountries","type":"UPDATE_FUNCTION","request":{"@type":"type.googleapis.com/google.cloud.functions.v1.CloudFunction","name":"projects/truck-it-bf0b2/locations/us-central1/functions/getCountries","httpsTrigger":{"url":"https://us-central1-truck-it-bf0b2.cloudfunctions.net/getCountries","securityLevel":"SECURE_ALWAYS"},"status":"OFFLINE","entryPoint":"getCountries","updateTime":"2024-05-30T23:32:54.541Z","versionId":"2","labels":{"deployment-tool":"cli-firebase","firebase-functions-hash":"e36aacb58fe5b2789ebeb52872ac8156ab5085dd"},"sourceUploadUrl":"https://storage.googleapis.com/uploads-536595928110.us-central1.cloudfunctions.appspot.com/c651b90d-46df-4b9e-b812-fa4250974d33.zip?GoogleAccessId=service-444807794647@gcf-admin-robot.iam.gserviceaccount.com&Expires=1717115314&Signature=NhLwcxGUqT%2BIvYiKnoW1Uwzf7ZgaQA3L2V3fbMVI4MyZcPeQdC0ppL9FnNMXCJBh5ViUgb5rleYEcdizVIU7rFfSldxoaUix%2BCp9O%2BtYcep2u59bOaF761oMJJGudQGu2tQMfxWIxQFec%2FqK6J754JwYtrjfuFWQrq%2FUgFxO2hul7gGRHV4AkZNniVUqou4AujP2LhCQ90fADmXQJlxEQd6ShZZUYF0ouG4dAxVTVPekdf0tQ7yYrStjJ89m9z%2BXjfWRjdpE0JxgcZOQAJAzlM34D5Tzrj3pYFyv60PAd69zOtRtYkw6RmuUxxMq5F%2F5itH9SBauD4yyuelKB4zEWw%3D%3D","environmentVariables":{"FIREBASE_CONFIG":"{\"projectId\":\"truck-it-bf0b2\",\"storageBucket\":\"truck-it-bf0b2.appspot.com\",\"locationId\":\"us-central\"}","GCLOUD_PROJECT":"truck-it-bf0b2","EVENTARC_CLOUD_EVENT_SOURCE":"projects/truck-it-bf0b2/locations/us-central1/functions/getCountries"},"runtime":"nodejs18","buildId":"272f697a-2a0d-440c-bf9a-bc1c85aff7de","buildEnvironmentVariables":{"GOOGLE_NODE_RUN_SCRIPTS":""},"buildName":"projects/444807794647/locations/us-central1/builds/272f697a-2a0d-440c-bf9a-bc1c85aff7de","dockerRegistry":"ARTIFACT_REGISTRY","automaticUpdatePolicy":{}},"versionId":"3","updateTime":"2024-05-30T23:59:42Z","buildId":"8f109723-a628-4f49-941e-e6a3af21f7f5","buildName":"projects/444807794647/locations/us-central1/builds/8f109723-a628-4f49-941e-e6a3af21f7f5"}}
[debug] [2024-05-31T00:00:12.988Z] [update-default-us-central1-getCountries] Retrying task index 0
[debug] [2024-05-31T00:00:12.989Z] >>> [apiv2][query] GET https://cloudfunctions.googleapis.com/v1/operations/dHJ1Y2staXQtYmYwYjIvdXMtY2VudHJhbDEvZ2V0Q291bnRyaWVzL3dLSi14bkRwWmFF [none]
[debug] [2024-05-31T00:00:13.871Z] <<< [apiv2][status] GET https://cloudfunctions.googleapis.com/v1/operations/dHJ1Y2staXQtYmYwYjIvdXMtY2VudHJhbDEvZ2V0Q291bnRyaWVzL3dLSi14bkRwWmFF 200
[debug] [2024-05-31T00:00:13.872Z] <<< [apiv2][body] GET https://cloudfunctions.googleapis.com/v1/operations/dHJ1Y2staXQtYmYwYjIvdXMtY2VudHJhbDEvZ2V0Q291bnRyaWVzL3dLSi14bkRwWmFF {"name":"operations/dHJ1Y2staXQtYmYwYjIvdXMtY2VudHJhbDEvZ2V0Q291bnRyaWVzL3dLSi14bkRwWmFF","metadata":{"@type":"type.googleapis.com/google.cloud.functions.v1.OperationMetadataV1","target":"projects/truck-it-bf0b2/locations/us-central1/functions/getCountries","type":"UPDATE_FUNCTION","request":{"@type":"type.googleapis.com/google.cloud.functions.v1.CloudFunction","name":"projects/truck-it-bf0b2/locations/us-central1/functions/getCountries","httpsTrigger":{"url":"https://us-central1-truck-it-bf0b2.cloudfunctions.net/getCountries","securityLevel":"SECURE_ALWAYS"},"status":"OFFLINE","entryPoint":"getCountries","updateTime":"2024-05-30T23:32:54.541Z","versionId":"2","labels":{"deployment-tool":"cli-firebase","firebase-functions-hash":"e36aacb58fe5b2789ebeb52872ac8156ab5085dd"},"sourceUploadUrl":"https://storage.googleapis.com/uploads-536595928110.us-central1.cloudfunctions.appspot.com/c651b90d-46df-4b9e-b812-fa4250974d33.zip?GoogleAccessId=service-444807794647@gcf-admin-robot.iam.gserviceaccount.com&Expires=1717115314&Signature=NhLwcxGUqT%2BIvYiKnoW1Uwzf7ZgaQA3L2V3fbMVI4MyZcPeQdC0ppL9FnNMXCJBh5ViUgb5rleYEcdizVIU7rFfSldxoaUix%2BCp9O%2BtYcep2u59bOaF761oMJJGudQGu2tQMfxWIxQFec%2FqK6J754JwYtrjfuFWQrq%2FUgFxO2hul7gGRHV4AkZNniVUqou4AujP2LhCQ90fADmXQJlxEQd6ShZZUYF0ouG4dAxVTVPekdf0tQ7yYrStjJ89m9z%2BXjfWRjdpE0JxgcZOQAJAzlM34D5Tzrj3pYFyv60PAd69zOtRtYkw6RmuUxxMq5F%2F5itH9SBauD4yyuelKB4zEWw%3D%3D","environmentVariables":{"FIREBASE_CONFIG":"{\"projectId\":\"truck-it-bf0b2\",\"storageBucket\":\"truck-it-bf0b2.appspot.com\",\"locationId\":\"us-central\"}","GCLOUD_PROJECT":"truck-it-bf0b2","EVENTARC_CLOUD_EVENT_SOURCE":"projects/truck-it-bf0b2/locations/us-central1/functions/getCountries"},"runtime":"nodejs18","buildId":"272f697a-2a0d-440c-bf9a-bc1c85aff7de","buildEnvironmentVariables":{"GOOGLE_NODE_RUN_SCRIPTS":""},"buildName":"projects/444807794647/locations/us-central1/builds/272f697a-2a0d-440c-bf9a-bc1c85aff7de","dockerRegistry":"ARTIFACT_REGISTRY","automaticUpdatePolicy":{}},"versionId":"3","updateTime":"2024-05-30T23:59:42Z","buildId":"8f109723-a628-4f49-941e-e6a3af21f7f5","buildName":"projects/444807794647/locations/us-central1/builds/8f109723-a628-4f49-941e-e6a3af21f7f5"}}
[debug] [2024-05-31T00:00:23.879Z] [update-default-us-central1-getCountries] Retrying task index 0
[debug] [2024-05-31T00:00:23.881Z] >>> [apiv2][query] GET https://cloudfunctions.googleapis.com/v1/operations/dHJ1Y2staXQtYmYwYjIvdXMtY2VudHJhbDEvZ2V0Q291bnRyaWVzL3dLSi14bkRwWmFF [none]
[debug] [2024-05-31T00:00:25.230Z] <<< [apiv2][status] GET https://cloudfunctions.googleapis.com/v1/operations/dHJ1Y2staXQtYmYwYjIvdXMtY2VudHJhbDEvZ2V0Q291bnRyaWVzL3dLSi14bkRwWmFF 200
[debug] [2024-05-31T00:00:25.232Z] <<< [apiv2][body] GET https://cloudfunctions.googleapis.com/v1/operations/dHJ1Y2staXQtYmYwYjIvdXMtY2VudHJhbDEvZ2V0Q291bnRyaWVzL3dLSi14bkRwWmFF {"name":"operations/dHJ1Y2staXQtYmYwYjIvdXMtY2VudHJhbDEvZ2V0Q291bnRyaWVzL3dLSi14bkRwWmFF","metadata":{"@type":"type.googleapis.com/google.cloud.functions.v1.OperationMetadataV1","target":"projects/truck-it-bf0b2/locations/us-central1/functions/getCountries","type":"UPDATE_FUNCTION","request":{"@type":"type.googleapis.com/google.cloud.functions.v1.CloudFunction","name":"projects/truck-it-bf0b2/locations/us-central1/functions/getCountries","httpsTrigger":{"url":"https://us-central1-truck-it-bf0b2.cloudfunctions.net/getCountries","securityLevel":"SECURE_ALWAYS"},"status":"OFFLINE","entryPoint":"getCountries","updateTime":"2024-05-30T23:32:54.541Z","versionId":"2","labels":{"deployment-tool":"cli-firebase","firebase-functions-hash":"e36aacb58fe5b2789ebeb52872ac8156ab5085dd"},"sourceUploadUrl":"https://storage.googleapis.com/uploads-536595928110.us-central1.cloudfunctions.appspot.com/c651b90d-46df-4b9e-b812-fa4250974d33.zip?GoogleAccessId=service-444807794647@gcf-admin-robot.iam.gserviceaccount.com&Expires=1717115314&Signature=NhLwcxGUqT%2BIvYiKnoW1Uwzf7ZgaQA3L2V3fbMVI4MyZcPeQdC0ppL9FnNMXCJBh5ViUgb5rleYEcdizVIU7rFfSldxoaUix%2BCp9O%2BtYcep2u59bOaF761oMJJGudQGu2tQMfxWIxQFec%2FqK6J754JwYtrjfuFWQrq%2FUgFxO2hul7gGRHV4AkZNniVUqou4AujP2LhCQ90fADmXQJlxEQd6ShZZUYF0ouG4dAxVTVPekdf0tQ7yYrStjJ89m9z%2BXjfWRjdpE0JxgcZOQAJAzlM34D5Tzrj3pYFyv60PAd69zOtRtYkw6RmuUxxMq5F%2F5itH9SBauD4yyuelKB4zEWw%3D%3D","environmentVariables":{"FIREBASE_CONFIG":"{\"projectId\":\"truck-it-bf0b2\",\"storageBucket\":\"truck-it-bf0b2.appspot.com\",\"locationId\":\"us-central\"}","GCLOUD_PROJECT":"truck-it-bf0b2","EVENTARC_CLOUD_EVENT_SOURCE":"projects/truck-it-bf0b2/locations/us-central1/functions/getCountries"},"runtime":"nodejs18","buildId":"272f697a-2a0d-440c-bf9a-bc1c85aff7de","buildEnvironmentVariables":{"GOOGLE_NODE_RUN_SCRIPTS":""},"buildName":"projects/444807794647/locations/us-central1/builds/272f697a-2a0d-440c-bf9a-bc1c85aff7de","dockerRegistry":"ARTIFACT_REGISTRY","automaticUpdatePolicy":{}},"versionId":"3","updateTime":"2024-05-30T23:59:42Z","buildId":"8f109723-a628-4f49-941e-e6a3af21f7f5","buildName":"projects/444807794647/locations/us-central1/builds/8f109723-a628-4f49-941e-e6a3af21f7f5"}}
[debug] [2024-05-31T00:00:35.248Z] [update-default-us-central1-getCountries] Retrying task index 0
[debug] [2024-05-31T00:00:35.250Z] >>> [apiv2][query] GET https://cloudfunctions.googleapis.com/v1/operations/dHJ1Y2staXQtYmYwYjIvdXMtY2VudHJhbDEvZ2V0Q291bnRyaWVzL3dLSi14bkRwWmFF [none]
[debug] [2024-05-31T00:00:35.916Z] <<< [apiv2][status] GET https://cloudfunctions.googleapis.com/v1/operations/dHJ1Y2staXQtYmYwYjIvdXMtY2VudHJhbDEvZ2V0Q291bnRyaWVzL3dLSi14bkRwWmFF 200
[debug] [2024-05-31T00:00:35.918Z] <<< [apiv2][body] GET https://cloudfunctions.googleapis.com/v1/operations/dHJ1Y2staXQtYmYwYjIvdXMtY2VudHJhbDEvZ2V0Q291bnRyaWVzL3dLSi14bkRwWmFF {"name":"operations/dHJ1Y2staXQtYmYwYjIvdXMtY2VudHJhbDEvZ2V0Q291bnRyaWVzL3dLSi14bkRwWmFF","metadata":{"@type":"type.googleapis.com/google.cloud.functions.v1.OperationMetadataV1","target":"projects/truck-it-bf0b2/locations/us-central1/functions/getCountries","type":"UPDATE_FUNCTION","request":{"@type":"type.googleapis.com/google.cloud.functions.v1.CloudFunction","name":"projects/truck-it-bf0b2/locations/us-central1/functions/getCountries","httpsTrigger":{"url":"https://us-central1-truck-it-bf0b2.cloudfunctions.net/getCountries","securityLevel":"SECURE_ALWAYS"},"status":"OFFLINE","entryPoint":"getCountries","updateTime":"2024-05-30T23:32:54.541Z","versionId":"2","labels":{"deployment-tool":"cli-firebase","firebase-functions-hash":"e36aacb58fe5b2789ebeb52872ac8156ab5085dd"},"sourceUploadUrl":"https://storage.googleapis.com/uploads-536595928110.us-central1.cloudfunctions.appspot.com/c651b90d-46df-4b9e-b812-fa4250974d33.zip?GoogleAccessId=service-444807794647@gcf-admin-robot.iam.gserviceaccount.com&Expires=1717115314&Signature=NhLwcxGUqT%2BIvYiKnoW1Uwzf7ZgaQA3L2V3fbMVI4MyZcPeQdC0ppL9FnNMXCJBh5ViUgb5rleYEcdizVIU7rFfSldxoaUix%2BCp9O%2BtYcep2u59bOaF761oMJJGudQGu2tQMfxWIxQFec%2FqK6J754JwYtrjfuFWQrq%2FUgFxO2hul7gGRHV4AkZNniVUqou4AujP2LhCQ90fADmXQJlxEQd6ShZZUYF0ouG4dAxVTVPekdf0tQ7yYrStjJ89m9z%2BXjfWRjdpE0JxgcZOQAJAzlM34D5Tzrj3pYFyv60PAd69zOtRtYkw6RmuUxxMq5F%2F5itH9SBauD4yyuelKB4zEWw%3D%3D","environmentVariables":{"FIREBASE_CONFIG":"{\"projectId\":\"truck-it-bf0b2\",\"storageBucket\":\"truck-it-bf0b2.appspot.com\",\"locationId\":\"us-central\"}","GCLOUD_PROJECT":"truck-it-bf0b2","EVENTARC_CLOUD_EVENT_SOURCE":"projects/truck-it-bf0b2/locations/us-central1/functions/getCountries"},"runtime":"nodejs18","buildId":"272f697a-2a0d-440c-bf9a-bc1c85aff7de","buildEnvironmentVariables":{"GOOGLE_NODE_RUN_SCRIPTS":""},"buildName":"projects/444807794647/locations/us-central1/builds/272f697a-2a0d-440c-bf9a-bc1c85aff7de","dockerRegistry":"ARTIFACT_REGISTRY","automaticUpdatePolicy":{}},"versionId":"3","updateTime":"2024-05-31T00:00:24Z","buildId":"8f109723-a628-4f49-941e-e6a3af21f7f5","buildName":"projects/444807794647/locations/us-central1/builds/8f109723-a628-4f49-941e-e6a3af21f7f5"},"done":true,"error":{"code":3,"message":"Build failed: npm ERR! code EUSAGE\nnpm ERR! \nnpm ERR! `npm ci` can only install packages when your package.json and package-lock.json or npm-shrinkwrap.json are in sync. Please update your lock file with `npm install` before continuing.\nnpm ERR! \nnpm ERR! Missing: jest@29.7.0 from lock file\nnpm ERR! Missing: @jest/core@29.7.0 from lock file\nnpm ERR! Missing: @jest/types@29.6.3 from lock file\nnpm ERR! Missing: import-local@3.1.0 from lock file\nnpm ERR! Missing: jest-cli@29.7.0 from lock file\nnpm ERR! Missing: @jest/console@29.7.0 from lock file\nnpm ERR! Missing: @jest/reporters@29.7.0 from lock file\nnpm ERR! Missing: @jest/test-result@29.7.0 from lock file\nnpm ERR! Missing: @jest/transform@29.7.0 from lock file\nnpm ERR! Missing: ansi-escapes@4.3.2 from lock file\nnpm ERR! Missing: ci-info@3.9.0 from lock file\nnpm ERR! Missing: exit@0.1.2 from lock file\nnpm ERR! Missing: jest-changed-files@29.7.0 from lock file\nnpm ERR! Missing: jest-config@29.7.0 from lock file\nnpm ERR! Missing: jest-haste-map@29.7.0 from lock file\nnpm ERR! Missing: jest-message-util@29.7.0 from lock file\nnpm ERR! Missing: jest-regex-util@29.6.3 from lock file\nnpm ERR! Missing: jest-resolve@29.7.0 from lock file\nnpm ERR! Missing: jest-resolve-dependencies@29.7.0 from lock file\nnpm ERR! Missing: jest-runner@29.7.0 from lock file\nnpm ERR! Missing: jest-runtime@29.7.0 from lock file\nnpm ERR! Missing: jest-snapshot@29.7.0 from lock file\nnpm ERR! Missing: jest-util@29.7.0 from lock file\nnpm ERR! Missing: jest-validate@29.7.0 from lock file\nnpm ERR! Missing: jest-watcher@29.7.0 from lock file\nnpm ERR! Missing: micromatch@4.0.7 from lock file\nnpm ERR! Missing: pretty-format@29.7.0 from lock file\nnpm ERR! Missing: slash@3.0.0 from lock file\nnpm ERR! Missing: @bcoe/v8-coverage@0.2.3 from lock file\nnpm ERR! Missing: @jridgewell/trace-mapping@0.3.25 from lock file\nnpm ERR! Missing: collect-v8-coverage@1.0.2 from lock file\nnpm ERR! Missing: glob@7.2.3 from lock file\nnpm ERR! Missing: istanbul-lib-coverage@3.2.2 from lock file\nnpm ERR! Missing: istanbul-lib-instrument@6.0.2 from lock file\nnpm ERR! Missing: istanbul-lib-report@3.0.1 from lock file\nnpm ERR! Missing: istanbul-lib-source-maps@4.0.1 from lock file\nnpm ERR! Missing: istanbul-reports@3.1.7 from lock file\nnpm ERR! Missing: jest-worker@29.7.0 from lock file\nnpm ERR! Missing: string-length@4.0.2 from lock file\nnpm ERR! Missing: v8-to-istanbul@9.2.0 from lock file\nnpm ERR! Missing: @types/istanbul-lib-coverage@2.0.6 from lock file\nnpm ERR! Missing: @babel/core@7.24.6 from lock file\nnpm ERR! Missing: babel-plugin-istanbul@6.1.1 from lock file\nnpm ERR! Missing: convert-source-map@2.0.0 from lock file\nnpm ERR! Missing: fast-json-stable-stringify@2.1.0 from lock file\nnpm ERR! Missing: pirates@4.0.6 from lock file\nnpm ERR! Missing: write-file-atomic@4.0.2 from lock file\nnpm ERR! Missing: @ampproject/remapping@2.3.0 from lock file\nnpm ERR! Missing: @babel/code-frame@7.24.6 from lock file\nnpm ERR! Missing: @babel/generator@7.24.6 from lock file\nnpm ERR! Missing: @babel/helper-compilation-targets@7.24.6 from lock file\nnpm ERR! Missing: @babel/helper-module-transforms@7.24.6 from lock file\nnpm ERR! Missing: @babel/helpers@7.24.6 from lock file\nnpm ERR! Invalid: lock file's @babel/parser@7.23.9 does not satisfy @babel/parser@7.24.6\nnpm ERR! Missing: @babel/template@7.24.6 from lock file\nnpm ERR! Missing: @babel/traverse@7.24.6 from lock file\nnpm ERR! Missing: @babel/types@7.24.6 from lock file\nnpm ERR! Missing: debug@4.3.4 from lock file\nnpm ERR! Missing: gensync@1.0.0-beta.2 from lock file\nnpm ERR! Missing: json5@2.2.3 from lock file\nnpm ERR! Missing: semver@6.3.1 from lock file\nnpm ERR! Missing: @jridgewell/gen-mapping@0.3.5 from lock file\nnpm ERR! Missing: @babel/highlight@7.24.6 from lock file\nnpm ERR! Missing: picocolors@1.0.1 from lock file\nnpm ERR! Missing: jsesc@2.5.2 from lock file\nnpm ERR! Missing: @babel/compat-data@7.24.6 from lock file\nnpm ERR! Missing: @babel/helper-validator-option@7.24.6 from lock file\nnpm ERR! Missing: browserslist@4.23.0 from lock file\nnpm ERR! Missing: lru-cache@5.1.1 from lock file\nnpm ERR! Missing: semver@6.3.1 from lock file\nnpm ERR! Missing: @babel/helper-environment-visitor@7.24.6 from lock file\nnpm ERR! Missing: @babel/helper-module-imports@7.24.6 from lock file\nnpm ERR! Missing: @babel/helper-simple-access@7.24.6 from lock file\nnpm ERR! Missing: @babel/helper-split-export-declaration@7.24.6 from lock file\nnpm ERR! Missing: @babel/helper-validator-identifier@7.24.6 from lock file\nnpm ERR! Missing: chalk@2.4.2 from lock file\nnpm ERR! Missing: js-tokens@4.0.0 from lock file\nnpm ERR! Missing: @babel/helper-function-name@7.24.6 from lock file\nnpm ERR! Missing: @babel/helper-hoist-variables@7.24.6 from lock file\nnpm ERR! Missing: debug@4.3.4 from lock file\nnpm ERR! Missing: globals@11.12.0 from lock file\nnpm ERR! Missing: @babel/helper-string-parser@7.24.6 from lock file\nnpm ERR! Missing: to-fast-properties@2.0.0 from lock file\nnpm ERR! Missing: @jest/schemas@29.6.3 from lock file\nnpm ERR! Missing: @types/istanbul-reports@3.0.4 from lock file\nnpm ERR! Missing: @types/yargs@17.0.32 from lock file\nnpm ERR! Missing: @sinclair/typebox@0.27.8 from lock file\nnpm ERR! Missing: @jridgewell/set-array@1.2.1 from lock file\nnpm ERR! Missing: @jridgewell/sourcemap-codec@1.4.15 from lock file\nnpm ERR! Missing: @jridgewell/resolve-uri@3.1.2 from lock file\nnpm ERR! Missing: @types/istanbul-lib-report@3.0.3 from lock file\nnpm ERR! Missing: @types/yargs-parser@21.0.3 from lock file\nnpm ERR! Missing: type-fest@0.21.3 from lock file\nnpm ERR! Missing: @babel/helper-plugin-utils@7.24.6 from lock file\nnpm ERR! Missing: @istanbuljs/load-nyc-config@1.1.0 from lock file\nnpm ERR! Missing: @istanbuljs/schema@0.1.3 from lock file\nnpm ERR! Missing: istanbul-lib-instrument@5.2.1 from lock file\nnpm ERR! Missing: test-exclude@6.0.0 from lock file\nnpm ERR! Missing: camelcase@5.3.1 from lock file\nnpm ERR! Missing: find-up@4.1.0 from lock file\nnpm ERR! Missing: get-package-type@0.1.0 from lock file\nnpm ERR! Missing: js-yaml@3.14.1 from lock file\nnpm ERR! Missing: resolve-from@5.0.0 from lock file\nnpm ERR! Missing: caniuse-lite@1.0.30001625 from lock file\nnpm ERR! Missing: electron-to-chromium@1.4.787 from lock file\nnpm ERR! Missing: node-releases@2.0.14 from lock file\nnpm ERR! Missing: update-browserslist-db@1.0.16 from lock file\nnpm ERR! Missing: locate-path@5.0.0 from lock file\nnpm ERR! Missing: path-exists@4.0.0 from lock file\nnpm ERR! Missing: pkg-dir@4.2.0 from lock file\nnpm ERR! Missing: resolve-cwd@3.0.0 from lock file\nnpm ERR! Missing: make-dir@4.0.0 from lock file\nnpm ERR! Missing: debug@4.3.4 from lock file\nnpm ERR! Missing: html-escaper@2.0.2 from lock file\nnpm ERR! Missing: execa@5.1.1 from lock file\nnpm ERR! Missing: cross-spawn@7.0.3 from lock file\nnpm ERR! Missing: get-stream@6.0.1 from lock file\nnpm ERR! Missing: human-signals@2.1.0 from lock file\nnpm ERR! Missing: merge-stream@2.0.0 from lock file\nnpm ERR! Missing: npm-run-path@4.0.1 from lock file\nnpm ERR! Missing: onetime@5.1.2 from lock file\nnpm ERR! Missing: signal-exit@3.0.7 from lock file\nnpm ERR! Missing: strip-final-newline@2.0.0 from lock file\nnpm ERR! Missing: path-key@3.1.1 from lock file\nnpm ERR! Missing: shebang-command@2.0.0 from lock file\nnpm ERR! Missing: which@2.0.2 from lock file\nnpm ERR! Missing: create-jest@29.7.0 from lock file\nnpm ERR! Missing: prompts@2.4.2 from lock file\nnpm ERR! Missing: @jest/test-sequencer@29.7.0 from lock file\nnpm ERR! Missing: babel-jest@29.7.0 from lock file\nnpm ERR! Missing: deepmerge@4.3.1 from lock file\nnpm ERR! Missing: glob@7.2.3 from lock file\nnpm ERR! Missing: jest-circus@29.7.0 from lock file\nnpm ERR! Missing: jest-environment-node@29.7.0 from lock file\nnpm ERR! Missing: jest-get-type@29.6.3 from lock file\nnpm ERR! Missing: parse-json@5.2.0 from lock file\nnpm ERR! Missing: @types/babel__core@7.20.5 from lock file\nnpm ERR! Missing: babel-preset-jest@29.6.3 from lock file\nnpm ERR! Missing: @types/babel__generator@7.6.8 from lock file\nnpm ERR! Missing: @types/babel__template@7.4.4 from lock file\nnpm ERR! Missing: @types/babel__traverse@7.20.6 from lock file\nnpm ERR! Missing: babel-plugin-jest-hoist@29.6.3 from lock file\nnpm ERR! Missing: babel-preset-current-node-syntax@1.0.1 from lock file\nnpm ERR! Missing: @babel/plugin-syntax-async-generators@7.8.4 from lock file\nnpm ERR! Missing: @babel/plugin-syntax-bigint@7.8.3 from lock file\nnpm ERR! Missing: @babel/plugin-syntax-class-properties@7.12.13 from lock file\nnpm ERR! Missing: @babel/plugin-syntax-import-meta@7.10.4 from lock file\nnpm ERR! Missing: @babel/plugin-syntax-json-strings@7.8.3 from lock file\nnpm ERR! Missing: @babel/plugin-syntax-logical-assignment-operators@7.10.4 from lock file\nnpm ERR! Missing: @babel/plugin-syntax-nullish-coalescing-operator@7.8.3 from lock file\nnpm ERR! Missing: @babel/plugin-syntax-numeric-separator@7.10.4 from lock file\nnpm ERR! Missing: @babel/plugin-syntax-object-rest-spread@7.8.3 from lock file\nnpm ERR! Missing: @babel/plugin-syntax-optional-catch-binding@7.8.3 from lock file\nnpm ERR! Missing: @babel/plugin-syntax-optional-chaining@7.8.3 from lock file\nnpm ERR! Missing: @babel/plugin-syntax-top-level-await@7.14.5 from lock file\nnpm ERR! Missing: @jest/environment@29.7.0 from lock file\nnpm ERR! Missing: @jest/expect@29.7.0 from lock file\nnpm ERR! Missing: co@4.6.0 from lock file\nnpm ERR! Missing: dedent@1.5.3 from lock file\nnpm ERR! Missing: is-generator-fn@2.1.0 from lock file\nnpm ERR! Missing: jest-each@29.7.0 from lock file\nnpm ERR! Missing: jest-matcher-utils@29.7.0 from lock file\nnpm ERR! Missing: pure-rand@6.1.0 from lock file\nnpm ERR! Missing: stack-utils@2.0.6 from lock file\nnpm ERR! Missing: @jest/fake-timers@29.7.0 from lock file\nnpm ERR! Missing: jest-mock@29.7.0 from lock file\nnpm ERR! Missing: expect@29.7.0 from lock file\nnpm ERR! Missing: @sinonjs/fake-timers@10.3.0 from lock file\nnpm ERR! Missing: @sinonjs/commons@3.0.1 from lock file\nnpm ERR! Missing: type-detect@4.0.8 from lock file\nnpm ERR! Missing: @jest/expect-utils@29.7.0 from lock file\nnpm ERR! Missing: @types/graceful-fs@4.1.9 from lock file\nnpm ERR! Missing: anymatch@3.1.3 from lock file\nnpm ERR! Missing: fb-watchman@2.0.2 from lock file\nnpm ERR! Missing: fsevents@2.3.3 from lock file\nnpm ERR! Missing: walker@1.0.8 from lock file\nnpm ERR! Missing: normalize-path@3.0.0 from lock file\nnpm ERR! Missing: picomatch@2.3.1 from lock file\nnpm ERR! Missing: bser@2.1.1 from lock file\nnpm ERR! Missing: node-int64@0.4.0 from lock file\nnpm ERR! Missing: jest-diff@29.7.0 from lock file\nnpm ERR! Missing: diff-sequences@29.6.3 from lock file\nnpm ERR! Missing: @types/stack-utils@2.0.3 from lock file\nnpm ERR! Missing: jest-pnp-resolver@1.2.3 from lock file\nnpm ERR! Missing: resolve@1.22.8 from lock file\nnpm ERR! Missing: resolve.exports@2.0.2 from lock file\nnpm ERR! Missing: emittery@0.13.1 from lock file\nnpm ERR! Missing: jest-docblock@29.7.0 from lock file\nnpm ERR! Missing: jest-leak-detector@29.7.0 from lock file\nnpm ERR! Missing: source-map-support@0.5.13 from lock file\nnpm ERR! Missing: detect-newline@3.1.0 from lock file\nnpm ERR! Missing: @jest/globals@29.7.0 from lock file\nnpm ERR! Missing: @jest/source-map@29.6.3 from lock file\nnpm ERR! Missing: cjs-module-lexer@1.3.1 from lock file\nnpm ERR! Missing: glob@7.2.3 from lock file\nnpm ERR! Missing: strip-bom@4.0.0 from lock file\nnpm ERR! Missing: callsites@3.1.0 from lock file\nnpm ERR! Missing: @babel/plugin-syntax-jsx@7.24.6 from lock file\nnpm ERR! Missing: @babel/plugin-syntax-typescript@7.24.6 from lock file\nnpm ERR! Missing: natural-compare@1.4.0 from lock file\nnpm ERR! Missing: camelcase@6.3.0 from lock file\nnpm ERR! Missing: leven@3.1.0 from lock file\nnpm ERR! Missing: supports-color@8.1.1 from lock file\nnpm ERR! Missing: argparse@1.0.10 from lock file\nnpm ERR! Missing: p-locate@4.1.0 from lock file\nnpm ERR! Missing: braces@3.0.3 from lock file\nnpm ERR! Missing: fill-range@7.1.1 from lock file\nnpm ERR! Missing: to-regex-range@5.0.1 from lock file\nnpm ERR! Missing: mimic-fn@2.1.0 from lock file\nnpm ERR! Missing: p-limit@2.3.0 from lock file\nnpm ERR! Missing: error-ex@1.3.2 from lock file\nnpm ERR! Missing: json-parse-even-better-errors@2.3.1 from lock file\nnpm ERR! Missing: lines-and-columns@1.2.4 from lock file\nnpm ERR! Missing: is-arrayish@0.2.1 from lock file\nnpm ERR! Missing: ansi-styles@5.2.0 from lock file\nnpm ERR! Missing: react-is@18.3.1 from lock file\nnpm ERR! Missing: kleur@3.0.3 from lock file\nnpm ERR! Missing: sisteransi@1.0.5 from lock file\nnpm ERR! Missing: is-core-module@2.13.1 from lock file\nnpm ERR! Missing: path-parse@1.0.7 from lock file\nnpm ERR! Missing: supports-preserve-symlinks-flag@1.0.0 from lock file\nnpm ERR! Missing: shebang-regex@3.0.0 from lock file\nnpm ERR! Missing: buffer-from@1.1.2 from lock file\nnpm ERR! Missing: char-regex@1.0.2 from lock file\nnpm ERR! Missing: glob@7.2.3 from lock file\nnpm ERR! Missing: minimatch@3.1.2 from lock file\nnpm ERR! Missing: is-number@7.0.0 from lock file\nnpm ERR! Missing: makeerror@1.0.12 from lock file\nnpm ERR! Missing: tmpl@1.0.5 from lock file\nnpm ERR! Missing: isexe@2.0.0 from lock file\nnpm ERR! Missing: imurmurhash@0.1.4 from lock file\nnpm ERR! Missing: ms@2.1.2 from lock file\nnpm ERR! Missing: yallist@3.1.1 from lock file\nnpm ERR! Missing: ansi-styles@3.2.1 from lock file\nnpm ERR! Missing: escape-string-regexp@1.0.5 from lock file\nnpm ERR! Missing: supports-color@5.5.0 from lock file\nnpm ERR! Missing: color-convert@1.9.3 from lock file\nnpm ERR! Missing: color-name@1.1.3 from lock file\nnpm ERR! Missing: has-flag@3.0.0 from lock file\nnpm ERR! Missing: ms@2.1.2 from lock file\nnpm ERR! Missing: minimatch@3.1.2 from lock file\nnpm ERR! Missing: brace-expansion@1.1.11 from lock file\nnpm ERR! Missing: semver@6.3.1 from lock file\nnpm ERR! Missing: ms@2.1.2 from lock file\nnpm ERR! Missing: minimatch@3.1.2 from lock file\nnpm ERR! Missing: brace-expansion@1.1.11 from lock file\nnpm ERR! Missing: minimatch@3.1.2 from lock file\nnpm ERR! Missing: brace-expansion@1.1.11 from lock file\nnpm ERR! Missing: sprintf-js@1.0.3 from lock file\nnpm ERR! Missing: p-try@2.2.0 from lock file\nnpm ERR! Missing: brace-expansion@1.1.11 from lock file\nnpm ERR! \nnpm ERR! Clean install a project\nnpm ERR! \nnpm ERR! Usage:\nnpm ERR! npm ci\nnpm ERR! \nnpm ERR! Options:\nnpm ERR! [--install-strategy <hoisted|nested|shallow|linked>] [--legacy-bundling]\nnpm ERR! [--global-style] [--omit <dev|optional|peer> [--omit <dev|optional|peer> ...]]\nnpm ERR! [--include <prod|dev|optional|peer> [--include <prod|dev|optional|peer> ...]]\nnpm ERR! [--strict-peer-deps] [--foreground-scripts] [--ignore-scripts] [--no-audit]\nnpm ERR! [--no-bin-links] [--no-fund] [--dry-run]\nnpm ERR! [-w|--workspace <workspace-name> [-w|--workspace <workspace-name> ...]]\nnpm ERR! [-ws|--workspaces] [--include-workspace-root] [--install-links]\nnpm ERR! \nnpm ERR! aliases: clean-install, ic, install-clean, isntall-clean\nnpm ERR! \nnpm ERR! Run \"npm help ci\" for more info\n\nnpm ERR! A complete log of this run can be found in: /www-data-home/.npm/_logs/2024-05-31T00_00_01_575Z-debug-0.log; Error ID: beaf8772"}}
[debug] [2024-05-31T00:00:35.935Z] Got source token undefined for region us-central1
[error] Build failed: npm ERR! code EUSAGE
npm ERR! 
npm ERR! `npm ci` can only install packages when your package.json and package-lock.json or npm-shrinkwrap.json are in sync. Please update your lock file with `npm install` before continuing.
npm ERR! 
npm ERR! Missing: jest@29.7.0 from lock file
npm ERR! Missing: @jest/core@29.7.0 from lock file
npm ERR! Missing: @jest/types@29.6.3 from lock file
npm ERR! Missing: import-local@3.1.0 from lock file
npm ERR! Missing: jest-cli@29.7.0 from lock file
npm ERR! Missing: @jest/console@29.7.0 from lock file
npm ERR! Missing: @jest/reporters@29.7.0 from lock file
npm ERR! Missing: @jest/test-result@29.7.0 from lock file
npm ERR! Missing: @jest/transform@29.7.0 from lock file
npm ERR! Missing: ansi-escapes@4.3.2 from lock file
npm ERR! Missing: ci-info@3.9.0 from lock file
npm ERR! Missing: exit@0.1.2 from lock file
npm ERR! Missing: jest-changed-files@29.7.0 from lock file
npm ERR! Missing: jest-config@29.7.0 from lock file
npm ERR! Missing: jest-haste-map@29.7.0 from lock file
npm ERR! Missing: jest-message-util@29.7.0 from lock file
npm ERR! Missing: jest-regex-util@29.6.3 from lock file
npm ERR! Missing: jest-resolve@29.7.0 from lock file
npm ERR! Missing: jest-resolve-dependencies@29.7.0 from lock file
npm ERR! Missing: jest-runner@29.7.0 from lock file
npm ERR! Missing: jest-runtime@29.7.0 from lock file
npm ERR! Missing: jest-snapshot@29.7.0 from lock file
npm ERR! Missing: jest-util@29.7.0 from lock file
npm ERR! Missing: jest-validate@29.7.0 from lock file
npm ERR! Missing: jest-watcher@29.7.0 from lock file
npm ERR! Missing: micromatch@4.0.7 from lock file
npm ERR! Missing: pretty-format@29.7.0 from lock file
npm ERR! Missing: slash@3.0.0 from lock file
npm ERR! Missing: @bcoe/v8-coverage@0.2.3 from lock file
npm ERR! Missing: @jridgewell/trace-mapping@0.3.25 from lock file
npm ERR! Missing: collect-v8-coverage@1.0.2 from lock file
npm ERR! Missing: glob@7.2.3 from lock file
npm ERR! Missing: istanbul-lib-coverage@3.2.2 from lock file
npm ERR! Missing: istanbul-lib-instrument@6.0.2 from lock file
npm ERR! Missing: istanbul-lib-report@3.0.1 from lock file
npm ERR! Missing: istanbul-lib-source-maps@4.0.1 from lock file
npm ERR! Missing: istanbul-reports@3.1.7 from lock file
npm ERR! Missing: jest-worker@29.7.0 from lock file
npm ERR! Missing: string-length@4.0.2 from lock file
npm ERR! Missing: v8-to-istanbul@9.2.0 from lock file
npm ERR! Missing: @types/istanbul-lib-coverage@2.0.6 from lock file
npm ERR! Missing: @babel/core@7.24.6 from lock file
npm ERR! Missing: babel-plugin-istanbul@6.1.1 from lock file
npm ERR! Missing: convert-source-map@2.0.0 from lock file
npm ERR! Missing: fast-json-stable-stringify@2.1.0 from lock file
npm ERR! Missing: pirates@4.0.6 from lock file
npm ERR! Missing: write-file-atomic@4.0.2 from lock file
npm ERR! Missing: @ampproject/remapping@2.3.0 from lock file
npm ERR! Missing: @babel/code-frame@7.24.6 from lock file
npm ERR! Missing: @babel/generator@7.24.6 from lock file
npm ERR! Missing: @babel/helper-compilation-targets@7.24.6 from lock file
npm ERR! Missing: @babel/helper-module-transforms@7.24.6 from lock file
npm ERR! Missing: @babel/helpers@7.24.6 from lock file
npm ERR! Invalid: lock file's @babel/parser@7.23.9 does not satisfy @babel/parser@7.24.6
npm ERR! Missing: @babel/template@7.24.6 from lock file
npm ERR! Missing: @babel/traverse@7.24.6 from lock file
npm ERR! Missing: @babel/types@7.24.6 from lock file
npm ERR! Missing: debug@4.3.4 from lock file
npm ERR! Missing: gensync@1.0.0-beta.2 from lock file
npm ERR! Missing: json5@2.2.3 from lock file
npm ERR! Missing: semver@6.3.1 from lock file
npm ERR! Missing: @jridgewell/gen-mapping@0.3.5 from lock file
npm ERR! Missing: @babel/highlight@7.24.6 from lock file
npm ERR! Missing: picocolors@1.0.1 from lock file
npm ERR! Missing: jsesc@2.5.2 from lock file
npm ERR! Missing: @babel/compat-data@7.24.6 from lock file
npm ERR! Missing: @babel/helper-validator-option@7.24.6 from lock file
npm ERR! Missing: browserslist@4.23.0 from lock file
npm ERR! Missing: lru-cache@5.1.1 from lock file
npm ERR! Missing: semver@6.3.1 from lock file
npm ERR! Missing: @babel/helper-environment-visitor@7.24.6 from lock file
npm ERR! Missing: @babel/helper-module-imports@7.24.6 from lock file
npm ERR! Missing: @babel/helper-simple-access@7.24.6 from lock file
npm ERR! Missing: @babel/helper-split-export-declaration@7.24.6 from lock file
npm ERR! Missing: @babel/helper-validator-identifier@7.24.6 from lock file
npm ERR! Missing: chalk@2.4.2 from lock file
npm ERR! Missing: js-tokens@4.0.0 from lock file
npm ERR! Missing: @babel/helper-function-name@7.24.6 from lock file
npm ERR! Missing: @babel/helper-hoist-variables@7.24.6 from lock file
npm ERR! Missing: debug@4.3.4 from lock file
npm ERR! Missing: globals@11.12.0 from lock file
npm ERR! Missing: @babel/helper-string-parser@7.24.6 from lock file
npm ERR! Missing: to-fast-properties@2.0.0 from lock file
npm ERR! Missing: @jest/schemas@29.6.3 from lock file
npm ERR! Missing: @types/istanbul-reports@3.0.4 from lock file
npm ERR! Missing: @types/yargs@17.0.32 from lock file
npm ERR! Missing: @sinclair/typebox@0.27.8 from lock file
npm ERR! Missing: @jridgewell/set-array@1.2.1 from lock file
npm ERR! Missing: @jridgewell/sourcemap-codec@1.4.15 from lock file
npm ERR! Missing: @jridgewell/resolve-uri@3.1.2 from lock file
npm ERR! Missing: @types/istanbul-lib-report@3.0.3 from lock file
npm ERR! Missing: @types/yargs-parser@21.0.3 from lock file
npm ERR! Missing: type-fest@0.21.3 from lock file
npm ERR! Missing: @babel/helper-plugin-utils@7.24.6 from lock file
npm ERR! Missing: @istanbuljs/load-nyc-config@1.1.0 from lock file
npm ERR! Missing: @istanbuljs/schema@0.1.3 from lock file
npm ERR! Missing: istanbul-lib-instrument@5.2.1 from lock file
npm ERR! Missing: test-exclude@6.0.0 from lock file
npm ERR! Missing: camelcase@5.3.1 from lock file
npm ERR! Missing: find-up@4.1.0 from lock file
npm ERR! Missing: get-package-type@0.1.0 from lock file
npm ERR! Missing: js-yaml@3.14.1 from lock file
npm ERR! Missing: resolve-from@5.0.0 from lock file
npm ERR! Missing: caniuse-lite@1.0.30001625 from lock file
npm ERR! Missing: electron-to-chromium@1.4.787 from lock file
npm ERR! Missing: node-releases@2.0.14 from lock file
npm ERR! Missing: update-browserslist-db@1.0.16 from lock file
npm ERR! Missing: locate-path@5.0.0 from lock file
npm ERR! Missing: path-exists@4.0.0 from lock file
npm ERR! Missing: pkg-dir@4.2.0 from lock file
npm ERR! Missing: resolve-cwd@3.0.0 from lock file
npm ERR! Missing: make-dir@4.0.0 from lock file
npm ERR! Missing: debug@4.3.4 from lock file
npm ERR! Missing: html-escaper@2.0.2 from lock file
npm ERR! Missing: execa@5.1.1 from lock file
npm ERR! Missing: cross-spawn@7.0.3 from lock file
npm ERR! Missing: get-stream@6.0.1 from lock file
npm ERR! Missing: human-signals@2.1.0 from lock file
npm ERR! Missing: merge-stream@2.0.0 from lock file
npm ERR! Missing: npm-run-path@4.0.1 from lock file
npm ERR! Missing: onetime@5.1.2 from lock file
npm ERR! Missing: signal-exit@3.0.7 from lock file
npm ERR! Missing: strip-final-newline@2.0.0 from lock file
npm ERR! Missing: path-key@3.1.1 from lock file
npm ERR! Missing: shebang-command@2.0.0 from lock file
npm ERR! Missing: which@2.0.2 from lock file
npm ERR! Missing: create-jest@29.7.0 from lock file
npm ERR! Missing: prompts@2.4.2 from lock file
npm ERR! Missing: @jest/test-sequencer@29.7.0 from lock file
npm ERR! Missing: babel-jest@29.7.0 from lock file
npm ERR! Missing: deepmerge@4.3.1 from lock file
npm ERR! Missing: glob@7.2.3 from lock file
npm ERR! Missing: jest-circus@29.7.0 from lock file
npm ERR! Missing: jest-environment-node@29.7.0 from lock file
npm ERR! Missing: jest-get-type@29.6.3 from lock file
npm ERR! Missing: parse-json@5.2.0 from lock file
npm ERR! Missing: @types/babel__core@7.20.5 from lock file
npm ERR! Missing: babel-preset-jest@29.6.3 from lock file
npm ERR! Missing: @types/babel__generator@7.6.8 from lock file
npm ERR! Missing: @types/babel__template@7.4.4 from lock file
npm ERR! Missing: @types/babel__traverse@7.20.6 from lock file
npm ERR! Missing: babel-plugin-jest-hoist@29.6.3 from lock file
npm ERR! Missing: babel-preset-current-node-syntax@1.0.1 from lock file
npm ERR! Missing: @babel/plugin-syntax-async-generators@7.8.4 from lock file
npm ERR! Missing: @babel/plugin-syntax-bigint@7.8.3 from lock file
npm ERR! Missing: @babel/plugin-syntax-class-properties@7.12.13 from lock file
npm ERR! Missing: @babel/plugin-syntax-import-meta@7.10.4 from lock file
npm ERR! Missing: @babel/plugin-syntax-json-strings@7.8.3 from lock file
npm ERR! Missing: @babel/plugin-syntax-logical-assignment-operators@7.10.4 from lock file
npm ERR! Missing: @babel/plugin-syntax-nullish-coalescing-operator@7.8.3 from lock file
npm ERR! Missing: @babel/plugin-syntax-numeric-separator@7.10.4 from lock file
npm ERR! Missing: @babel/plugin-syntax-object-rest-spread@7.8.3 from lock file
npm ERR! Missing: @babel/plugin-syntax-optional-catch-binding@7.8.3 from lock file
npm ERR! Missing: @babel/plugin-syntax-optional-chaining@7.8.3 from lock file
npm ERR! Missing: @babel/plugin-syntax-top-level-await@7.14.5 from lock file
npm ERR! Missing: @jest/environment@29.7.0 from lock file
npm ERR! Missing: @jest/expect@29.7.0 from lock file
npm ERR! Missing: co@4.6.0 from lock file
npm ERR! Missing: dedent@1.5.3 from lock file
npm ERR! Missing: is-generator-fn@2.1.0 from lock file
npm ERR! Missing: jest-each@29.7.0 from lock file
npm ERR! Missing: jest-matcher-utils@29.7.0 from lock file
npm ERR! Missing: pure-rand@6.1.0 from lock file
npm ERR! Missing: stack-utils@2.0.6 from lock file
npm ERR! Missing: @jest/fake-timers@29.7.0 from lock file
npm ERR! Missing: jest-mock@29.7.0 from lock file
npm ERR! Missing: expect@29.7.0 from lock file
npm ERR! Missing: @sinonjs/fake-timers@10.3.0 from lock file
npm ERR! Missing: @sinonjs/commons@3.0.1 from lock file
npm ERR! Missing: type-detect@4.0.8 from lock file
npm ERR! Missing: @jest/expect-utils@29.7.0 from lock file
npm ERR! Missing: @types/graceful-fs@4.1.9 from lock file
npm ERR! Missing: anymatch@3.1.3 from lock file
npm ERR! Missing: fb-watchman@2.0.2 from lock file
npm ERR! Missing: fsevents@2.3.3 from lock file
npm ERR! Missing: walker@1.0.8 from lock file
npm ERR! Missing: normalize-path@3.0.0 from lock file
npm ERR! Missing: picomatch@2.3.1 from lock file
npm ERR! Missing: bser@2.1.1 from lock file
npm ERR! Missing: node-int64@0.4.0 from lock file
npm ERR! Missing: jest-diff@29.7.0 from lock file
npm ERR! Missing: diff-sequences@29.6.3 from lock file
npm ERR! Missing: @types/stack-utils@2.0.3 from lock file
npm ERR! Missing: jest-pnp-resolver@1.2.3 from lock file
npm ERR! Missing: resolve@1.22.8 from lock file
npm ERR! Missing: resolve.exports@2.0.2 from lock file
npm ERR! Missing: emittery@0.13.1 from lock file
npm ERR! Missing: jest-docblock@29.7.0 from lock file
npm ERR! Missing: jest-leak-detector@29.7.0 from lock file
npm ERR! Missing: source-map-support@0.5.13 from lock file
npm ERR! Missing: detect-newline@3.1.0 from lock file
npm ERR! Missing: @jest/globals@29.7.0 from lock file
npm ERR! Missing: @jest/source-map@29.6.3 from lock file
npm ERR! Missing: cjs-module-lexer@1.3.1 from lock file
npm ERR! Missing: glob@7.2.3 from lock file
npm ERR! Missing: strip-bom@4.0.0 from lock file
npm ERR! Missing: callsites@3.1.0 from lock file
npm ERR! Missing: @babel/plugin-syntax-jsx@7.24.6 from lock file
npm ERR! Missing: @babel/plugin-syntax-typescript@7.24.6 from lock file
npm ERR! Missing: natural-compare@1.4.0 from lock file
npm ERR! Missing: camelcase@6.3.0 from lock file
npm ERR! Missing: leven@3.1.0 from lock file
npm ERR! Missing: supports-color@8.1.1 from lock file
npm ERR! Missing: argparse@1.0.10 from lock file
npm ERR! Missing: p-locate@4.1.0 from lock file
npm ERR! Missing: braces@3.0.3 from lock file
npm ERR! Missing: fill-range@7.1.1 from lock file
npm ERR! Missing: to-regex-range@5.0.1 from lock file
npm ERR! Missing: mimic-fn@2.1.0 from lock file
npm ERR! Missing: p-limit@2.3.0 from lock file
npm ERR! Missing: error-ex@1.3.2 from lock file
npm ERR! Missing: json-parse-even-better-errors@2.3.1 from lock file
npm ERR! Missing: lines-and-columns@1.2.4 from lock file
npm ERR! Missing: is-arrayish@0.2.1 from lock file
npm ERR! Missing: ansi-styles@5.2.0 from lock file
npm ERR! Missing: react-is@18.3.1 from lock file
npm ERR! Missing: kleur@3.0.3 from lock file
npm ERR! Missing: sisteransi@1.0.5 from lock file
npm ERR! Missing: is-core-module@2.13.1 from lock file
npm ERR! Missing: path-parse@1.0.7 from lock file
npm ERR! Missing: supports-preserve-symlinks-flag@1.0.0 from lock file
npm ERR! Missing: shebang-regex@3.0.0 from lock file
npm ERR! Missing: buffer-from@1.1.2 from lock file
npm ERR! Missing: char-regex@1.0.2 from lock file
npm ERR! Missing: glob@7.2.3 from lock file
npm ERR! Missing: minimatch@3.1.2 from lock file
npm ERR! Missing: is-number@7.0.0 from lock file
npm ERR! Missing: makeerror@1.0.12 from lock file
npm ERR! Missing: tmpl@1.0.5 from lock file
npm ERR! Missing: isexe@2.0.0 from lock file
npm ERR! Missing: imurmurhash@0.1.4 from lock file
npm ERR! Missing: ms@2.1.2 from lock file
npm ERR! Missing: yallist@3.1.1 from lock file
npm ERR! Missing: ansi-styles@3.2.1 from lock file
npm ERR! Missing: escape-string-regexp@1.0.5 from lock file
npm ERR! Missing: supports-color@5.5.0 from lock file
npm ERR! Missing: color-convert@1.9.3 from lock file
npm ERR! Missing: color-name@1.1.3 from lock file
npm ERR! Missing: has-flag@3.0.0 from lock file
npm ERR! Missing: ms@2.1.2 from lock file
npm ERR! Missing: minimatch@3.1.2 from lock file
npm ERR! Missing: brace-expansion@1.1.11 from lock file
npm ERR! Missing: semver@6.3.1 from lock file
npm ERR! Missing: ms@2.1.2 from lock file
npm ERR! Missing: minimatch@3.1.2 from lock file
npm ERR! Missing: brace-expansion@1.1.11 from lock file
npm ERR! Missing: minimatch@3.1.2 from lock file
npm ERR! Missing: brace-expansion@1.1.11 from lock file
npm ERR! Missing: sprintf-js@1.0.3 from lock file
npm ERR! Missing: p-try@2.2.0 from lock file
npm ERR! Missing: brace-expansion@1.1.11 from lock file
npm ERR! 
npm ERR! Clean install a project
npm ERR! 
npm ERR! Usage:
npm ERR! npm ci
npm ERR! 
npm ERR! Options:
npm ERR! [--install-strategy <hoisted|nested|shallow|linked>] [--legacy-bundling]
npm ERR! [--global-style] [--omit <dev|optional|peer> [--omit <dev|optional|peer> ...]]
npm ERR! [--include <prod|dev|optional|peer> [--include <prod|dev|optional|peer> ...]]
npm ERR! [--strict-peer-deps] [--foreground-scripts] [--ignore-scripts] [--no-audit]
npm ERR! [--no-bin-links] [--no-fund] [--dry-run]
npm ERR! [-w|--workspace <workspace-name> [-w|--workspace <workspace-name> ...]]
npm ERR! [-ws|--workspaces] [--include-workspace-root] [--install-links]
npm ERR! 
npm ERR! aliases: clean-install, ic, install-clean, isntall-clean
npm ERR! 
npm ERR! Run "npm help ci" for more info

npm ERR! A complete log of this run can be found in: /www-data-home/.npm/_logs/2024-05-31T00_00_01_575Z-debug-0.log; Error ID: beaf8772
[debug] [2024-05-31T00:00:35.993Z] Total Function Deployment time: 105098
[debug] [2024-05-31T00:00:35.993Z] 3 Functions Deployed
[debug] [2024-05-31T00:00:35.994Z] 3 Functions Errored
[debug] [2024-05-31T00:00:35.994Z] 0 Function Deployments Aborted
[debug] [2024-05-31T00:00:35.994Z] Average Function Deployment time: 54413.333333333336
[info] 
[info] Functions deploy had errors with the following functions:
	getCountries(us-central1)
	getOpenExchangeCurrency(us-central1)
	updateTripStatus(us-central1)
[debug] [2024-05-31T00:00:36.831Z] Not printing URL for HTTPS function. Typically this means it didn't match a filter or we failed deployment
[info] i  functions: cleaning up build files... 
[debug] [2024-05-31T00:00:36.855Z] >>> [apiv2][query] DELETE https://artifactregistry.googleapis.com/v1beta2/projects/truck-it-bf0b2/locations/us-central1/repositories/gcf-artifacts/packages/get_open_exchange_currency [none]
[debug] [2024-05-31T00:00:36.859Z] >>> [apiv2][query] DELETE https://artifactregistry.googleapis.com/v1beta2/projects/truck-it-bf0b2/locations/us-central1/repositories/gcf-artifacts/packages/get_countries [none]
[debug] [2024-05-31T00:00:36.862Z] >>> [apiv2][query] DELETE https://artifactregistry.googleapis.com/v1beta2/projects/truck-it-bf0b2/locations/us-central1/repositories/gcf-artifacts/packages/update_trip_status [none]
[debug] [2024-05-31T00:00:36.867Z] >>> [apiv2][query] GET https://us.gcr.io/v2/truck-it-bf0b2/gcf/us-central1/tags/list [none]
[debug] [2024-05-31T00:00:38.491Z] <<< [apiv2][status] GET https://us.gcr.io/v2/truck-it-bf0b2/gcf/us-central1/tags/list 200
[debug] [2024-05-31T00:00:38.492Z] <<< [apiv2][body] GET https://us.gcr.io/v2/truck-it-bf0b2/gcf/us-central1/tags/list {"child":[],"manifest":{},"name":"truck-it-bf0b2/gcf/us-central1","tags":[]}
[debug] [2024-05-31T00:00:38.494Z] Could not find image for function projects/truck-it-bf0b2/locations/us-central1/functions/getOpenExchangeCurrency
[debug] [2024-05-31T00:00:38.495Z] Could not find image for function projects/truck-it-bf0b2/locations/us-central1/functions/getCountries
[debug] [2024-05-31T00:00:38.497Z] Could not find image for function projects/truck-it-bf0b2/locations/us-central1/functions/updateTripStatus
[debug] [2024-05-31T00:00:38.691Z] <<< [apiv2][status] DELETE https://artifactregistry.googleapis.com/v1beta2/projects/truck-it-bf0b2/locations/us-central1/repositories/gcf-artifacts/packages/get_countries 404
[debug] [2024-05-31T00:00:38.693Z] <<< [apiv2][body] DELETE https://artifactregistry.googleapis.com/v1beta2/projects/truck-it-bf0b2/locations/us-central1/repositories/gcf-artifacts/packages/get_countries {"error":{"code":404,"message":"Package \"projects/truck-it-bf0b2/locations/us-central1/repositories/gcf-artifacts/packages/get_countries\" was not found.","status":"NOT_FOUND"}}
[debug] [2024-05-31T00:00:38.702Z] <<< [apiv2][status] DELETE https://artifactregistry.googleapis.com/v1beta2/projects/truck-it-bf0b2/locations/us-central1/repositories/gcf-artifacts/packages/get_open_exchange_currency 404
[debug] [2024-05-31T00:00:38.703Z] <<< [apiv2][body] DELETE https://artifactregistry.googleapis.com/v1beta2/projects/truck-it-bf0b2/locations/us-central1/repositories/gcf-artifacts/packages/get_open_exchange_currency {"error":{"code":404,"message":"Package \"projects/truck-it-bf0b2/locations/us-central1/repositories/gcf-artifacts/packages/get_open_exchange_currency\" was not found.","status":"NOT_FOUND"}}
[debug] [2024-05-31T00:00:38.780Z] <<< [apiv2][status] DELETE https://artifactregistry.googleapis.com/v1beta2/projects/truck-it-bf0b2/locations/us-central1/repositories/gcf-artifacts/packages/update_trip_status 404
[debug] [2024-05-31T00:00:38.782Z] <<< [apiv2][body] DELETE https://artifactregistry.googleapis.com/v1beta2/projects/truck-it-bf0b2/locations/us-central1/repositories/gcf-artifacts/packages/update_trip_status {"error":{"code":404,"message":"Package \"projects/truck-it-bf0b2/locations/us-central1/repositories/gcf-artifacts/packages/update_trip_status\" was not found.","status":"NOT_FOUND"}}
[debug] [2024-05-31T00:00:38.783Z] Functions deploy failed.
[debug] [2024-05-31T00:00:38.784Z] {
  "endpoint": {
    "platform": "gcfv1",
    "id": "updateTripStatus",
    "project": "truck-it-bf0b2",
    "region": "us-central1",
    "scheduleTrigger": {},
    "entryPoint": "updateTripStatus",
    "runtime": "nodejs18",
    "maxInstances": 3000,
    "ingressSettings": "ALLOW_ALL",
    "labels": {
      "deployment-tool": "cli-firebase",
      "deployment-scheduled": "true",
      "firebase-functions-hash": "fe1269067a2a43041bac65c6b13b25449681e48a"
    },
    "environmentVariables": {
      "FIREBASE_CONFIG": "{\"projectId\":\"truck-it-bf0b2\",\"storageBucket\":\"truck-it-bf0b2.appspot.com\",\"locationId\":\"us-central\"}",
      "GCLOUD_PROJECT": "truck-it-bf0b2",
      "EVENTARC_CLOUD_EVENT_SOURCE": "projects/truck-it-bf0b2/locations/us-central1/functions/updateTripStatus"
    },
    "sourceUploadUrl": "https://storage.googleapis.com/uploads-536595928110.us-central1.cloudfunctions.appspot.com/535a2c60-24a6-475c-b6d2-bfc4ef4a6f6f.zip",
    "serviceAccount": "truck-it-bf0b2@appspot.gserviceaccount.com",
    "availableMemoryMb": 256,
    "timeoutSeconds": 60,
    "codebase": "default",
    "hash": "fe1269067a2a43041bac65c6b13b25449681e48a"
  },
  "op": "delete schedule",
  "original": {
    "name": "FirebaseError",
    "children": [],
    "context": {
      "body": {
        "error": {
          "code": 404,
          "message": "Job not found.",
          "status": "NOT_FOUND"
        }
      },
      "response": {
        "statusCode": 404
      }
    },
    "exit": 1,
    "message": "HTTP Error: 404, Job not found.",
    "status": 404,
    "code": 404
  }
}
[debug] [2024-05-31T00:00:38.796Z] {
  "endpoint": {
    "id": "getOpenExchangeCurrency",
    "project": "truck-it-bf0b2",
    "region": "us-central1",
    "entryPoint": "getOpenExchangeCurrency",
    "platform": "gcfv1",
    "runtime": "nodejs18",
    "scheduleTrigger": {
      "schedule": "every 24 hours",
      "timeZone": null,
      "retryConfig": {
        "maxBackoffSeconds": null,
        "minBackoffSeconds": null,
        "maxRetrySeconds": null,
        "retryCount": null,
        "maxDoublings": null
      }
    },
    "labels": {
      "deployment-tool": "cli-firebase"
    },
    "ingressSettings": null,
    "availableMemoryMb": null,
    "serviceAccount": null,
    "timeoutSeconds": null,
    "maxInstances": null,
    "minInstances": null,
    "vpc": null,
    "environmentVariables": {
      "FIREBASE_CONFIG": "{\"projectId\":\"truck-it-bf0b2\",\"storageBucket\":\"truck-it-bf0b2.appspot.com\",\"locationId\":\"us-central\"}",
      "GCLOUD_PROJECT": "truck-it-bf0b2",
      "EVENTARC_CLOUD_EVENT_SOURCE": "projects/truck-it-bf0b2/locations/us-central1/functions/getOpenExchangeCurrency"
    },
    "codebase": "default",
    "securityLevel": "SECURE_ALWAYS",
    "targetedByOnly": false,
    "hash": "e36aacb58fe5b2789ebeb52872ac8156ab5085dd"
  },
  "op": "update",
  "original": {
    "name": "FirebaseError",
    "children": [],
    "exit": 1,
    "message": "Build failed: npm ERR! code EUSAGE\nnpm ERR! \nnpm ERR! `npm ci` can only install packages when your package.json and package-lock.json or npm-shrinkwrap.json are in sync. Please update your lock file with `npm install` before continuing.\nnpm ERR! \nnpm ERR! Missing: jest@29.7.0 from lock file\nnpm ERR! Missing: @jest/core@29.7.0 from lock file\nnpm ERR! Missing: @jest/types@29.6.3 from lock file\nnpm ERR! Missing: import-local@3.1.0 from lock file\nnpm ERR! Missing: jest-cli@29.7.0 from lock file\nnpm ERR! Missing: @jest/console@29.7.0 from lock file\nnpm ERR! Missing: @jest/reporters@29.7.0 from lock file\nnpm ERR! Missing: @jest/test-result@29.7.0 from lock file\nnpm ERR! Missing: @jest/transform@29.7.0 from lock file\nnpm ERR! Missing: ansi-escapes@4.3.2 from lock file\nnpm ERR! Missing: ci-info@3.9.0 from lock file\nnpm ERR! Missing: exit@0.1.2 from lock file\nnpm ERR! Missing: jest-changed-files@29.7.0 from lock file\nnpm ERR! Missing: jest-config@29.7.0 from lock file\nnpm ERR! Missing: jest-haste-map@29.7.0 from lock file\nnpm ERR! Missing: jest-message-util@29.7.0 from lock file\nnpm ERR! Missing: jest-regex-util@29.6.3 from lock file\nnpm ERR! Missing: jest-resolve@29.7.0 from lock file\nnpm ERR! Missing: jest-resolve-dependencies@29.7.0 from lock file\nnpm ERR! Missing: jest-runner@29.7.0 from lock file\nnpm ERR! Missing: jest-runtime@29.7.0 from lock file\nnpm ERR! Missing: jest-snapshot@29.7.0 from lock file\nnpm ERR! Missing: jest-util@29.7.0 from lock file\nnpm ERR! Missing: jest-validate@29.7.0 from lock file\nnpm ERR! Missing: jest-watcher@29.7.0 from lock file\nnpm ERR! Missing: micromatch@4.0.7 from lock file\nnpm ERR! Missing: pretty-format@29.7.0 from lock file\nnpm ERR! Missing: slash@3.0.0 from lock file\nnpm ERR! Missing: @bcoe/v8-coverage@0.2.3 from lock file\nnpm ERR! Missing: @jridgewell/trace-mapping@0.3.25 from lock file\nnpm ERR! Missing: collect-v8-coverage@1.0.2 from lock file\nnpm ERR! Missing: glob@7.2.3 from lock file\nnpm ERR! Missing: istanbul-lib-coverage@3.2.2 from lock file\nnpm ERR! Missing: istanbul-lib-instrument@6.0.2 from lock file\nnpm ERR! Missing: istanbul-lib-report@3.0.1 from lock file\nnpm ERR! Missing: istanbul-lib-source-maps@4.0.1 from lock file\nnpm ERR! Missing: istanbul-reports@3.1.7 from lock file\nnpm ERR! Missing: jest-worker@29.7.0 from lock file\nnpm ERR! Missing: string-length@4.0.2 from lock file\nnpm ERR! Missing: v8-to-istanbul@9.2.0 from lock file\nnpm ERR! Missing: @types/istanbul-lib-coverage@2.0.6 from lock file\nnpm ERR! Missing: @babel/core@7.24.6 from lock file\nnpm ERR! Missing: babel-plugin-istanbul@6.1.1 from lock file\nnpm ERR! Missing: convert-source-map@2.0.0 from lock file\nnpm ERR! Missing: fast-json-stable-stringify@2.1.0 from lock file\nnpm ERR! Missing: pirates@4.0.6 from lock file\nnpm ERR! Missing: write-file-atomic@4.0.2 from lock file\nnpm ERR! Missing: @ampproject/remapping@2.3.0 from lock file\nnpm ERR! Missing: @babel/code-frame@7.24.6 from lock file\nnpm ERR! Missing: @babel/generator@7.24.6 from lock file\nnpm ERR! Missing: @babel/helper-compilation-targets@7.24.6 from lock file\nnpm ERR! Missing: @babel/helper-module-transforms@7.24.6 from lock file\nnpm ERR! Missing: @babel/helpers@7.24.6 from lock file\nnpm ERR! Invalid: lock file's @babel/parser@7.23.9 does not satisfy @babel/parser@7.24.6\nnpm ERR! Missing: @babel/template@7.24.6 from lock file\nnpm ERR! Missing: @babel/traverse@7.24.6 from lock file\nnpm ERR! Missing: @babel/types@7.24.6 from lock file\nnpm ERR! Missing: debug@4.3.4 from lock file\nnpm ERR! Missing: gensync@1.0.0-beta.2 from lock file\nnpm ERR! Missing: json5@2.2.3 from lock file\nnpm ERR! Missing: semver@6.3.1 from lock file\nnpm ERR! Missing: @jridgewell/gen-mapping@0.3.5 from lock file\nnpm ERR! Missing: @babel/highlight@7.24.6 from lock file\nnpm ERR! Missing: picocolors@1.0.1 from lock file\nnpm ERR! Missing: jsesc@2.5.2 from lock file\nnpm ERR! Missing: @babel/compat-data@7.24.6 from lock file\nnpm ERR! Missing: @babel/helper-validator-option@7.24.6 from lock file\nnpm ERR! Missing: browserslist@4.23.0 from lock file\nnpm ERR! Missing: lru-cache@5.1.1 from lock file\nnpm ERR! Missing: semver@6.3.1 from lock file\nnpm ERR! Missing: @babel/helper-environment-visitor@7.24.6 from lock file\nnpm ERR! Missing: @babel/helper-module-imports@7.24.6 from lock file\nnpm ERR! Missing: @babel/helper-simple-access@7.24.6 from lock file\nnpm ERR! Missing: @babel/helper-split-export-declaration@7.24.6 from lock file\nnpm ERR! Missing: @babel/helper-validator-identifier@7.24.6 from lock file\nnpm ERR! Missing: chalk@2.4.2 from lock file\nnpm ERR! Missing: js-tokens@4.0.0 from lock file\nnpm ERR! Missing: @babel/helper-function-name@7.24.6 from lock file\nnpm ERR! Missing: @babel/helper-hoist-variables@7.24.6 from lock file\nnpm ERR! Missing: debug@4.3.4 from lock file\nnpm ERR! Missing: globals@11.12.0 from lock file\nnpm ERR! Missing: @babel/helper-string-parser@7.24.6 from lock file\nnpm ERR! Missing: to-fast-properties@2.0.0 from lock file\nnpm ERR! Missing: @jest/schemas@29.6.3 from lock file\nnpm ERR! Missing: @types/istanbul-reports@3.0.4 from lock file\nnpm ERR! Missing: @types/yargs@17.0.32 from lock file\nnpm ERR! Missing: @sinclair/typebox@0.27.8 from lock file\nnpm ERR! Missing: @jridgewell/set-array@1.2.1 from lock file\nnpm ERR! Missing: @jridgewell/sourcemap-codec@1.4.15 from lock file\nnpm ERR! Missing: @jridgewell/resolve-uri@3.1.2 from lock file\nnpm ERR! Missing: @types/istanbul-lib-report@3.0.3 from lock file\nnpm ERR! Missing: @types/yargs-parser@21.0.3 from lock file\nnpm ERR! Missing: type-fest@0.21.3 from lock file\nnpm ERR! Missing: @babel/helper-plugin-utils@7.24.6 from lock file\nnpm ERR! Missing: @istanbuljs/load-nyc-config@1.1.0 from lock file\nnpm ERR! Missing: @istanbuljs/schema@0.1.3 from lock file\nnpm ERR! Missing: istanbul-lib-instrument@5.2.1 from lock file\nnpm ERR! Missing: test-exclude@6.0.0 from lock file\nnpm ERR! Missing: camelcase@5.3.1 from lock file\nnpm ERR! Missing: find-up@4.1.0 from lock file\nnpm ERR! Missing: get-package-type@0.1.0 from lock file\nnpm ERR! Missing: js-yaml@3.14.1 from lock file\nnpm ERR! Missing: resolve-from@5.0.0 from lock file\nnpm ERR! Missing: caniuse-lite@1.0.30001625 from lock file\nnpm ERR! Missing: electron-to-chromium@1.4.787 from lock file\nnpm ERR! Missing: node-releases@2.0.14 from lock file\nnpm ERR! Missing: update-browserslist-db@1.0.16 from lock file\nnpm ERR! Missing: locate-path@5.0.0 from lock file\nnpm ERR! Missing: path-exists@4.0.0 from lock file\nnpm ERR! Missing: pkg-dir@4.2.0 from lock file\nnpm ERR! Missing: resolve-cwd@3.0.0 from lock file\nnpm ERR! Missing: make-dir@4.0.0 from lock file\nnpm ERR! Missing: debug@4.3.4 from lock file\nnpm ERR! Missing: html-escaper@2.0.2 from lock file\nnpm ERR! Missing: execa@5.1.1 from lock file\nnpm ERR! Missing: cross-spawn@7.0.3 from lock file\nnpm ERR! Missing: get-stream@6.0.1 from lock file\nnpm ERR! Missing: human-signals@2.1.0 from lock file\nnpm ERR! Missing: merge-stream@2.0.0 from lock file\nnpm ERR! Missing: npm-run-path@4.0.1 from lock file\nnpm ERR! Missing: onetime@5.1.2 from lock file\nnpm ERR! Missing: signal-exit@3.0.7 from lock file\nnpm ERR! Missing: strip-final-newline@2.0.0 from lock file\nnpm ERR! Missing: path-key@3.1.1 from lock file\nnpm ERR! Missing: shebang-command@2.0.0 from lock file\nnpm ERR! Missing: which@2.0.2 from lock file\nnpm ERR! Missing: create-jest@29.7.0 from lock file\nnpm ERR! Missing: prompts@2.4.2 from lock file\nnpm ERR! Missing: @jest/test-sequencer@29.7.0 from lock file\nnpm ERR! Missing: babel-jest@29.7.0 from lock file\nnpm ERR! Missing: deepmerge@4.3.1 from lock file\nnpm ERR! Missing: glob@7.2.3 from lock file\nnpm ERR! Missing: jest-circus@29.7.0 from lock file\nnpm ERR! Missing: jest-environment-node@29.7.0 from lock file\nnpm ERR! Missing: jest-get-type@29.6.3 from lock file\nnpm ERR! Missing: parse-json@5.2.0 from lock file\nnpm ERR! Missing: @types/babel__core@7.20.5 from lock file\nnpm ERR! Missing: babel-preset-jest@29.6.3 from lock file\nnpm ERR! Missing: @types/babel__generator@7.6.8 from lock file\nnpm ERR! Missing: @types/babel__template@7.4.4 from lock file\nnpm ERR! Missing: @types/babel__traverse@7.20.6 from lock file\nnpm ERR! Missing: babel-plugin-jest-hoist@29.6.3 from lock file\nnpm ERR! Missing: babel-preset-current-node-syntax@1.0.1 from lock file\nnpm ERR! Missing: @babel/plugin-syntax-async-generators@7.8.4 from lock file\nnpm ERR! Missing: @babel/plugin-syntax-bigint@7.8.3 from lock file\nnpm ERR! Missing: @babel/plugin-syntax-class-properties@7.12.13 from lock file\nnpm ERR! Missing: @babel/plugin-syntax-import-meta@7.10.4 from lock file\nnpm ERR! Missing: @babel/plugin-syntax-json-strings@7.8.3 from lock file\nnpm ERR! Missing: @babel/plugin-syntax-logical-assignment-operators@7.10.4 from lock file\nnpm ERR! Missing: @babel/plugin-syntax-nullish-coalescing-operator@7.8.3 from lock file\nnpm ERR! Missing: @babel/plugin-syntax-numeric-separator@7.10.4 from lock file\nnpm ERR! Missing: @babel/plugin-syntax-object-rest-spread@7.8.3 from lock file\nnpm ERR! Missing: @babel/plugin-syntax-optional-catch-binding@7.8.3 from lock file\nnpm ERR! Missing: @babel/plugin-syntax-optional-chaining@7.8.3 from lock file\nnpm ERR! Missing: @babel/plugin-syntax-top-level-await@7.14.5 from lock file\nnpm ERR! Missing: @jest/environment@29.7.0 from lock file\nnpm ERR! Missing: @jest/expect@29.7.0 from lock file\nnpm ERR! Missing: co@4.6.0 from lock file\nnpm ERR! Missing: dedent@1.5.3 from lock file\nnpm ERR! Missing: is-generator-fn@2.1.0 from lock file\nnpm ERR! Missing: jest-each@29.7.0 from lock file\nnpm ERR! Missing: jest-matcher-utils@29.7.0 from lock file\nnpm ERR! Missing: pure-rand@6.1.0 from lock file\nnpm ERR! Missing: stack-utils@2.0.6 from lock file\nnpm ERR! Missing: @jest/fake-timers@29.7.0 from lock file\nnpm ERR! Missing: jest-mock@29.7.0 from lock file\nnpm ERR! Missing: expect@29.7.0 from lock file\nnpm ERR! Missing: @sinonjs/fake-timers@10.3.0 from lock file\nnpm ERR! Missing: @sinonjs/commons@3.0.1 from lock file\nnpm ERR! Missing: type-detect@4.0.8 from lock file\nnpm ERR! Missing: @jest/expect-utils@29.7.0 from lock file\nnpm ERR! Missing: @types/graceful-fs@4.1.9 from lock file\nnpm ERR! Missing: anymatch@3.1.3 from lock file\nnpm ERR! Missing: fb-watchman@2.0.2 from lock file\nnpm ERR! Missing: fsevents@2.3.3 from lock file\nnpm ERR! Missing: walker@1.0.8 from lock file\nnpm ERR! Missing: normalize-path@3.0.0 from lock file\nnpm ERR! Missing: picomatch@2.3.1 from lock file\nnpm ERR! Missing: bser@2.1.1 from lock file\nnpm ERR! Missing: node-int64@0.4.0 from lock file\nnpm ERR! Missing: jest-diff@29.7.0 from lock file\nnpm ERR! Missing: diff-sequences@29.6.3 from lock file\nnpm ERR! Missing: @types/stack-utils@2.0.3 from lock file\nnpm ERR! Missing: jest-pnp-resolver@1.2.3 from lock file\nnpm ERR! Missing: resolve@1.22.8 from lock file\nnpm ERR! Missing: resolve.exports@2.0.2 from lock file\nnpm ERR! Missing: emittery@0.13.1 from lock file\nnpm ERR! Missing: jest-docblock@29.7.0 from lock file\nnpm ERR! Missing: jest-leak-detector@29.7.0 from lock file\nnpm ERR! Missing: source-map-support@0.5.13 from lock file\nnpm ERR! Missing: detect-newline@3.1.0 from lock file\nnpm ERR! Missing: @jest/globals@29.7.0 from lock file\nnpm ERR! Missing: @jest/source-map@29.6.3 from lock file\nnpm ERR! Missing: cjs-module-lexer@1.3.1 from lock file\nnpm ERR! Missing: glob@7.2.3 from lock file\nnpm ERR! Missing: strip-bom@4.0.0 from lock file\nnpm ERR! Missing: callsites@3.1.0 from lock file\nnpm ERR! Missing: @babel/plugin-syntax-jsx@7.24.6 from lock file\nnpm ERR! Missing: @babel/plugin-syntax-typescript@7.24.6 from lock file\nnpm ERR! Missing: natural-compare@1.4.0 from lock file\nnpm ERR! Missing: camelcase@6.3.0 from lock file\nnpm ERR! Missing: leven@3.1.0 from lock file\nnpm ERR! Missing: supports-color@8.1.1 from lock file\nnpm ERR! Missing: argparse@1.0.10 from lock file\nnpm ERR! Missing: p-locate@4.1.0 from lock file\nnpm ERR! Missing: braces@3.0.3 from lock file\nnpm ERR! Missing: fill-range@7.1.1 from lock file\nnpm ERR! Missing: to-regex-range@5.0.1 from lock file\nnpm ERR! Missing: mimic-fn@2.1.0 from lock file\nnpm ERR! Missing: p-limit@2.3.0 from lock file\nnpm ERR! Missing: error-ex@1.3.2 from lock file\nnpm ERR! Missing: json-parse-even-better-errors@2.3.1 from lock file\nnpm ERR! Missing: lines-and-columns@1.2.4 from lock file\nnpm ERR! Missing: is-arrayish@0.2.1 from lock file\nnpm ERR! Missing: ansi-styles@5.2.0 from lock file\nnpm ERR! Missing: react-is@18.3.1 from lock file\nnpm ERR! Missing: kleur@3.0.3 from lock file\nnpm ERR! Missing: sisteransi@1.0.5 from lock file\nnpm ERR! Missing: is-core-module@2.13.1 from lock file\nnpm ERR! Missing: path-parse@1.0.7 from lock file\nnpm ERR! Missing: supports-preserve-symlinks-flag@1.0.0 from lock file\nnpm ERR! Missing: shebang-regex@3.0.0 from lock file\nnpm ERR! Missing: buffer-from@1.1.2 from lock file\nnpm ERR! Missing: char-regex@1.0.2 from lock file\nnpm ERR! Missing: glob@7.2.3 from lock file\nnpm ERR! Missing: minimatch@3.1.2 from lock file\nnpm ERR! Missing: is-number@7.0.0 from lock file\nnpm ERR! Missing: makeerror@1.0.12 from lock file\nnpm ERR! Missing: tmpl@1.0.5 from lock file\nnpm ERR! Missing: isexe@2.0.0 from lock file\nnpm ERR! Missing: imurmurhash@0.1.4 from lock file\nnpm ERR! Missing: ms@2.1.2 from lock file\nnpm ERR! Missing: yallist@3.1.1 from lock file\nnpm ERR! Missing: ansi-styles@3.2.1 from lock file\nnpm ERR! Missing: escape-string-regexp@1.0.5 from lock file\nnpm ERR! Missing: supports-color@5.5.0 from lock file\nnpm ERR! Missing: color-convert@1.9.3 from lock file\nnpm ERR! Missing: color-name@1.1.3 from lock file\nnpm ERR! Missing: has-flag@3.0.0 from lock file\nnpm ERR! Missing: ms@2.1.2 from lock file\nnpm ERR! Missing: minimatch@3.1.2 from lock file\nnpm ERR! Missing: brace-expansion@1.1.11 from lock file\nnpm ERR! Missing: semver@6.3.1 from lock file\nnpm ERR! Missing: ms@2.1.2 from lock file\nnpm ERR! Missing: minimatch@3.1.2 from lock file\nnpm ERR! Missing: brace-expansion@1.1.11 from lock file\nnpm ERR! Missing: minimatch@3.1.2 from lock file\nnpm ERR! Missing: brace-expansion@1.1.11 from lock file\nnpm ERR! Missing: sprintf-js@1.0.3 from lock file\nnpm ERR! Missing: p-try@2.2.0 from lock file\nnpm ERR! Missing: brace-expansion@1.1.11 from lock file\nnpm ERR! \nnpm ERR! Clean install a project\nnpm ERR! \nnpm ERR! Usage:\nnpm ERR! npm ci\nnpm ERR! \nnpm ERR! Options:\nnpm ERR! [--install-strategy <hoisted|nested|shallow|linked>] [--legacy-bundling]\nnpm ERR! [--global-style] [--omit <dev|optional|peer> [--omit <dev|optional|peer> ...]]\nnpm ERR! [--include <prod|dev|optional|peer> [--include <prod|dev|optional|peer> ...]]\nnpm ERR! [--strict-peer-deps] [--foreground-scripts] [--ignore-scripts] [--no-audit]\nnpm ERR! [--no-bin-links] [--no-fund] [--dry-run]\nnpm ERR! [-w|--workspace <workspace-name> [-w|--workspace <workspace-name> ...]]\nnpm ERR! [-ws|--workspaces] [--include-workspace-root] [--install-links]\nnpm ERR! \nnpm ERR! aliases: clean-install, ic, install-clean, isntall-clean\nnpm ERR! \nnpm ERR! Run \"npm help ci\" for more info\n\nnpm ERR! A complete log of this run can be found in: /www-data-home/.npm/_logs/2024-05-30T23_59_07_552Z-debug-0.log; Error ID: beaf8772",
    "status": 3,
    "code": 3
  }
}
[debug] [2024-05-31T00:00:38.836Z] {
  "endpoint": {
    "id": "getCountries",
    "project": "truck-it-bf0b2",
    "region": "us-central1",
    "entryPoint": "getCountries",
    "platform": "gcfv1",
    "runtime": "nodejs18",
    "httpsTrigger": {},
    "ingressSettings": null,
    "availableMemoryMb": null,
    "serviceAccount": null,
    "timeoutSeconds": null,
    "maxInstances": null,
    "minInstances": null,
    "vpc": null,
    "environmentVariables": {
      "FIREBASE_CONFIG": "{\"projectId\":\"truck-it-bf0b2\",\"storageBucket\":\"truck-it-bf0b2.appspot.com\",\"locationId\":\"us-central\"}",
      "GCLOUD_PROJECT": "truck-it-bf0b2",
      "EVENTARC_CLOUD_EVENT_SOURCE": "projects/truck-it-bf0b2/locations/us-central1/functions/getCountries"
    },
    "codebase": "default",
    "securityLevel": "SECURE_ALWAYS",
    "targetedByOnly": false,
    "hash": "e36aacb58fe5b2789ebeb52872ac8156ab5085dd",
    "labels": {
      "deployment-tool": "cli-firebase"
    }
  },
  "op": "update",
  "original": {
    "name": "FirebaseError",
    "children": [],
    "exit": 1,
    "message": "Build failed: npm ERR! code EUSAGE\nnpm ERR! \nnpm ERR! `npm ci` can only install packages when your package.json and package-lock.json or npm-shrinkwrap.json are in sync. Please update your lock file with `npm install` before continuing.\nnpm ERR! \nnpm ERR! Missing: jest@29.7.0 from lock file\nnpm ERR! Missing: @jest/core@29.7.0 from lock file\nnpm ERR! Missing: @jest/types@29.6.3 from lock file\nnpm ERR! Missing: import-local@3.1.0 from lock file\nnpm ERR! Missing: jest-cli@29.7.0 from lock file\nnpm ERR! Missing: @jest/console@29.7.0 from lock file\nnpm ERR! Missing: @jest/reporters@29.7.0 from lock file\nnpm ERR! Missing: @jest/test-result@29.7.0 from lock file\nnpm ERR! Missing: @jest/transform@29.7.0 from lock file\nnpm ERR! Missing: ansi-escapes@4.3.2 from lock file\nnpm ERR! Missing: ci-info@3.9.0 from lock file\nnpm ERR! Missing: exit@0.1.2 from lock file\nnpm ERR! Missing: jest-changed-files@29.7.0 from lock file\nnpm ERR! Missing: jest-config@29.7.0 from lock file\nnpm ERR! Missing: jest-haste-map@29.7.0 from lock file\nnpm ERR! Missing: jest-message-util@29.7.0 from lock file\nnpm ERR! Missing: jest-regex-util@29.6.3 from lock file\nnpm ERR! Missing: jest-resolve@29.7.0 from lock file\nnpm ERR! Missing: jest-resolve-dependencies@29.7.0 from lock file\nnpm ERR! Missing: jest-runner@29.7.0 from lock file\nnpm ERR! Missing: jest-runtime@29.7.0 from lock file\nnpm ERR! Missing: jest-snapshot@29.7.0 from lock file\nnpm ERR! Missing: jest-util@29.7.0 from lock file\nnpm ERR! Missing: jest-validate@29.7.0 from lock file\nnpm ERR! Missing: jest-watcher@29.7.0 from lock file\nnpm ERR! Missing: micromatch@4.0.7 from lock file\nnpm ERR! Missing: pretty-format@29.7.0 from lock file\nnpm ERR! Missing: slash@3.0.0 from lock file\nnpm ERR! Missing: @bcoe/v8-coverage@0.2.3 from lock file\nnpm ERR! Missing: @jridgewell/trace-mapping@0.3.25 from lock file\nnpm ERR! Missing: collect-v8-coverage@1.0.2 from lock file\nnpm ERR! Missing: glob@7.2.3 from lock file\nnpm ERR! Missing: istanbul-lib-coverage@3.2.2 from lock file\nnpm ERR! Missing: istanbul-lib-instrument@6.0.2 from lock file\nnpm ERR! Missing: istanbul-lib-report@3.0.1 from lock file\nnpm ERR! Missing: istanbul-lib-source-maps@4.0.1 from lock file\nnpm ERR! Missing: istanbul-reports@3.1.7 from lock file\nnpm ERR! Missing: jest-worker@29.7.0 from lock file\nnpm ERR! Missing: string-length@4.0.2 from lock file\nnpm ERR! Missing: v8-to-istanbul@9.2.0 from lock file\nnpm ERR! Missing: @types/istanbul-lib-coverage@2.0.6 from lock file\nnpm ERR! Missing: @babel/core@7.24.6 from lock file\nnpm ERR! Missing: babel-plugin-istanbul@6.1.1 from lock file\nnpm ERR! Missing: convert-source-map@2.0.0 from lock file\nnpm ERR! Missing: fast-json-stable-stringify@2.1.0 from lock file\nnpm ERR! Missing: pirates@4.0.6 from lock file\nnpm ERR! Missing: write-file-atomic@4.0.2 from lock file\nnpm ERR! Missing: @ampproject/remapping@2.3.0 from lock file\nnpm ERR! Missing: @babel/code-frame@7.24.6 from lock file\nnpm ERR! Missing: @babel/generator@7.24.6 from lock file\nnpm ERR! Missing: @babel/helper-compilation-targets@7.24.6 from lock file\nnpm ERR! Missing: @babel/helper-module-transforms@7.24.6 from lock file\nnpm ERR! Missing: @babel/helpers@7.24.6 from lock file\nnpm ERR! Invalid: lock file's @babel/parser@7.23.9 does not satisfy @babel/parser@7.24.6\nnpm ERR! Missing: @babel/template@7.24.6 from lock file\nnpm ERR! Missing: @babel/traverse@7.24.6 from lock file\nnpm ERR! Missing: @babel/types@7.24.6 from lock file\nnpm ERR! Missing: debug@4.3.4 from lock file\nnpm ERR! Missing: gensync@1.0.0-beta.2 from lock file\nnpm ERR! Missing: json5@2.2.3 from lock file\nnpm ERR! Missing: semver@6.3.1 from lock file\nnpm ERR! Missing: @jridgewell/gen-mapping@0.3.5 from lock file\nnpm ERR! Missing: @babel/highlight@7.24.6 from lock file\nnpm ERR! Missing: picocolors@1.0.1 from lock file\nnpm ERR! Missing: jsesc@2.5.2 from lock file\nnpm ERR! Missing: @babel/compat-data@7.24.6 from lock file\nnpm ERR! Missing: @babel/helper-validator-option@7.24.6 from lock file\nnpm ERR! Missing: browserslist@4.23.0 from lock file\nnpm ERR! Missing: lru-cache@5.1.1 from lock file\nnpm ERR! Missing: semver@6.3.1 from lock file\nnpm ERR! Missing: @babel/helper-environment-visitor@7.24.6 from lock file\nnpm ERR! Missing: @babel/helper-module-imports@7.24.6 from lock file\nnpm ERR! Missing: @babel/helper-simple-access@7.24.6 from lock file\nnpm ERR! Missing: @babel/helper-split-export-declaration@7.24.6 from lock file\nnpm ERR! Missing: @babel/helper-validator-identifier@7.24.6 from lock file\nnpm ERR! Missing: chalk@2.4.2 from lock file\nnpm ERR! Missing: js-tokens@4.0.0 from lock file\nnpm ERR! Missing: @babel/helper-function-name@7.24.6 from lock file\nnpm ERR! Missing: @babel/helper-hoist-variables@7.24.6 from lock file\nnpm ERR! Missing: debug@4.3.4 from lock file\nnpm ERR! Missing: globals@11.12.0 from lock file\nnpm ERR! Missing: @babel/helper-string-parser@7.24.6 from lock file\nnpm ERR! Missing: to-fast-properties@2.0.0 from lock file\nnpm ERR! Missing: @jest/schemas@29.6.3 from lock file\nnpm ERR! Missing: @types/istanbul-reports@3.0.4 from lock file\nnpm ERR! Missing: @types/yargs@17.0.32 from lock file\nnpm ERR! Missing: @sinclair/typebox@0.27.8 from lock file\nnpm ERR! Missing: @jridgewell/set-array@1.2.1 from lock file\nnpm ERR! Missing: @jridgewell/sourcemap-codec@1.4.15 from lock file\nnpm ERR! Missing: @jridgewell/resolve-uri@3.1.2 from lock file\nnpm ERR! Missing: @types/istanbul-lib-report@3.0.3 from lock file\nnpm ERR! Missing: @types/yargs-parser@21.0.3 from lock file\nnpm ERR! Missing: type-fest@0.21.3 from lock file\nnpm ERR! Missing: @babel/helper-plugin-utils@7.24.6 from lock file\nnpm ERR! Missing: @istanbuljs/load-nyc-config@1.1.0 from lock file\nnpm ERR! Missing: @istanbuljs/schema@0.1.3 from lock file\nnpm ERR! Missing: istanbul-lib-instrument@5.2.1 from lock file\nnpm ERR! Missing: test-exclude@6.0.0 from lock file\nnpm ERR! Missing: camelcase@5.3.1 from lock file\nnpm ERR! Missing: find-up@4.1.0 from lock file\nnpm ERR! Missing: get-package-type@0.1.0 from lock file\nnpm ERR! Missing: js-yaml@3.14.1 from lock file\nnpm ERR! Missing: resolve-from@5.0.0 from lock file\nnpm ERR! Missing: caniuse-lite@1.0.30001625 from lock file\nnpm ERR! Missing: electron-to-chromium@1.4.787 from lock file\nnpm ERR! Missing: node-releases@2.0.14 from lock file\nnpm ERR! Missing: update-browserslist-db@1.0.16 from lock file\nnpm ERR! Missing: locate-path@5.0.0 from lock file\nnpm ERR! Missing: path-exists@4.0.0 from lock file\nnpm ERR! Missing: pkg-dir@4.2.0 from lock file\nnpm ERR! Missing: resolve-cwd@3.0.0 from lock file\nnpm ERR! Missing: make-dir@4.0.0 from lock file\nnpm ERR! Missing: debug@4.3.4 from lock file\nnpm ERR! Missing: html-escaper@2.0.2 from lock file\nnpm ERR! Missing: execa@5.1.1 from lock file\nnpm ERR! Missing: cross-spawn@7.0.3 from lock file\nnpm ERR! Missing: get-stream@6.0.1 from lock file\nnpm ERR! Missing: human-signals@2.1.0 from lock file\nnpm ERR! Missing: merge-stream@2.0.0 from lock file\nnpm ERR! Missing: npm-run-path@4.0.1 from lock file\nnpm ERR! Missing: onetime@5.1.2 from lock file\nnpm ERR! Missing: signal-exit@3.0.7 from lock file\nnpm ERR! Missing: strip-final-newline@2.0.0 from lock file\nnpm ERR! Missing: path-key@3.1.1 from lock file\nnpm ERR! Missing: shebang-command@2.0.0 from lock file\nnpm ERR! Missing: which@2.0.2 from lock file\nnpm ERR! Missing: create-jest@29.7.0 from lock file\nnpm ERR! Missing: prompts@2.4.2 from lock file\nnpm ERR! Missing: @jest/test-sequencer@29.7.0 from lock file\nnpm ERR! Missing: babel-jest@29.7.0 from lock file\nnpm ERR! Missing: deepmerge@4.3.1 from lock file\nnpm ERR! Missing: glob@7.2.3 from lock file\nnpm ERR! Missing: jest-circus@29.7.0 from lock file\nnpm ERR! Missing: jest-environment-node@29.7.0 from lock file\nnpm ERR! Missing: jest-get-type@29.6.3 from lock file\nnpm ERR! Missing: parse-json@5.2.0 from lock file\nnpm ERR! Missing: @types/babel__core@7.20.5 from lock file\nnpm ERR! Missing: babel-preset-jest@29.6.3 from lock file\nnpm ERR! Missing: @types/babel__generator@7.6.8 from lock file\nnpm ERR! Missing: @types/babel__template@7.4.4 from lock file\nnpm ERR! Missing: @types/babel__traverse@7.20.6 from lock file\nnpm ERR! Missing: babel-plugin-jest-hoist@29.6.3 from lock file\nnpm ERR! Missing: babel-preset-current-node-syntax@1.0.1 from lock file\nnpm ERR! Missing: @babel/plugin-syntax-async-generators@7.8.4 from lock file\nnpm ERR! Missing: @babel/plugin-syntax-bigint@7.8.3 from lock file\nnpm ERR! Missing: @babel/plugin-syntax-class-properties@7.12.13 from lock file\nnpm ERR! Missing: @babel/plugin-syntax-import-meta@7.10.4 from lock file\nnpm ERR! Missing: @babel/plugin-syntax-json-strings@7.8.3 from lock file\nnpm ERR! Missing: @babel/plugin-syntax-logical-assignment-operators@7.10.4 from lock file\nnpm ERR! Missing: @babel/plugin-syntax-nullish-coalescing-operator@7.8.3 from lock file\nnpm ERR! Missing: @babel/plugin-syntax-numeric-separator@7.10.4 from lock file\nnpm ERR! Missing: @babel/plugin-syntax-object-rest-spread@7.8.3 from lock file\nnpm ERR! Missing: @babel/plugin-syntax-optional-catch-binding@7.8.3 from lock file\nnpm ERR! Missing: @babel/plugin-syntax-optional-chaining@7.8.3 from lock file\nnpm ERR! Missing: @babel/plugin-syntax-top-level-await@7.14.5 from lock file\nnpm ERR! Missing: @jest/environment@29.7.0 from lock file\nnpm ERR! Missing: @jest/expect@29.7.0 from lock file\nnpm ERR! Missing: co@4.6.0 from lock file\nnpm ERR! Missing: dedent@1.5.3 from lock file\nnpm ERR! Missing: is-generator-fn@2.1.0 from lock file\nnpm ERR! Missing: jest-each@29.7.0 from lock file\nnpm ERR! Missing: jest-matcher-utils@29.7.0 from lock file\nnpm ERR! Missing: pure-rand@6.1.0 from lock file\nnpm ERR! Missing: stack-utils@2.0.6 from lock file\nnpm ERR! Missing: @jest/fake-timers@29.7.0 from lock file\nnpm ERR! Missing: jest-mock@29.7.0 from lock file\nnpm ERR! Missing: expect@29.7.0 from lock file\nnpm ERR! Missing: @sinonjs/fake-timers@10.3.0 from lock file\nnpm ERR! Missing: @sinonjs/commons@3.0.1 from lock file\nnpm ERR! Missing: type-detect@4.0.8 from lock file\nnpm ERR! Missing: @jest/expect-utils@29.7.0 from lock file\nnpm ERR! Missing: @types/graceful-fs@4.1.9 from lock file\nnpm ERR! Missing: anymatch@3.1.3 from lock file\nnpm ERR! Missing: fb-watchman@2.0.2 from lock file\nnpm ERR! Missing: fsevents@2.3.3 from lock file\nnpm ERR! Missing: walker@1.0.8 from lock file\nnpm ERR! Missing: normalize-path@3.0.0 from lock file\nnpm ERR! Missing: picomatch@2.3.1 from lock file\nnpm ERR! Missing: bser@2.1.1 from lock file\nnpm ERR! Missing: node-int64@0.4.0 from lock file\nnpm ERR! Missing: jest-diff@29.7.0 from lock file\nnpm ERR! Missing: diff-sequences@29.6.3 from lock file\nnpm ERR! Missing: @types/stack-utils@2.0.3 from lock file\nnpm ERR! Missing: jest-pnp-resolver@1.2.3 from lock file\nnpm ERR! Missing: resolve@1.22.8 from lock file\nnpm ERR! Missing: resolve.exports@2.0.2 from lock file\nnpm ERR! Missing: emittery@0.13.1 from lock file\nnpm ERR! Missing: jest-docblock@29.7.0 from lock file\nnpm ERR! Missing: jest-leak-detector@29.7.0 from lock file\nnpm ERR! Missing: source-map-support@0.5.13 from lock file\nnpm ERR! Missing: detect-newline@3.1.0 from lock file\nnpm ERR! Missing: @jest/globals@29.7.0 from lock file\nnpm ERR! Missing: @jest/source-map@29.6.3 from lock file\nnpm ERR! Missing: cjs-module-lexer@1.3.1 from lock file\nnpm ERR! Missing: glob@7.2.3 from lock file\nnpm ERR! Missing: strip-bom@4.0.0 from lock file\nnpm ERR! Missing: callsites@3.1.0 from lock file\nnpm ERR! Missing: @babel/plugin-syntax-jsx@7.24.6 from lock file\nnpm ERR! Missing: @babel/plugin-syntax-typescript@7.24.6 from lock file\nnpm ERR! Missing: natural-compare@1.4.0 from lock file\nnpm ERR! Missing: camelcase@6.3.0 from lock file\nnpm ERR! Missing: leven@3.1.0 from lock file\nnpm ERR! Missing: supports-color@8.1.1 from lock file\nnpm ERR! Missing: argparse@1.0.10 from lock file\nnpm ERR! Missing: p-locate@4.1.0 from lock file\nnpm ERR! Missing: braces@3.0.3 from lock file\nnpm ERR! Missing: fill-range@7.1.1 from lock file\nnpm ERR! Missing: to-regex-range@5.0.1 from lock file\nnpm ERR! Missing: mimic-fn@2.1.0 from lock file\nnpm ERR! Missing: p-limit@2.3.0 from lock file\nnpm ERR! Missing: error-ex@1.3.2 from lock file\nnpm ERR! Missing: json-parse-even-better-errors@2.3.1 from lock file\nnpm ERR! Missing: lines-and-columns@1.2.4 from lock file\nnpm ERR! Missing: is-arrayish@0.2.1 from lock file\nnpm ERR! Missing: ansi-styles@5.2.0 from lock file\nnpm ERR! Missing: react-is@18.3.1 from lock file\nnpm ERR! Missing: kleur@3.0.3 from lock file\nnpm ERR! Missing: sisteransi@1.0.5 from lock file\nnpm ERR! Missing: is-core-module@2.13.1 from lock file\nnpm ERR! Missing: path-parse@1.0.7 from lock file\nnpm ERR! Missing: supports-preserve-symlinks-flag@1.0.0 from lock file\nnpm ERR! Missing: shebang-regex@3.0.0 from lock file\nnpm ERR! Missing: buffer-from@1.1.2 from lock file\nnpm ERR! Missing: char-regex@1.0.2 from lock file\nnpm ERR! Missing: glob@7.2.3 from lock file\nnpm ERR! Missing: minimatch@3.1.2 from lock file\nnpm ERR! Missing: is-number@7.0.0 from lock file\nnpm ERR! Missing: makeerror@1.0.12 from lock file\nnpm ERR! Missing: tmpl@1.0.5 from lock file\nnpm ERR! Missing: isexe@2.0.0 from lock file\nnpm ERR! Missing: imurmurhash@0.1.4 from lock file\nnpm ERR! Missing: ms@2.1.2 from lock file\nnpm ERR! Missing: yallist@3.1.1 from lock file\nnpm ERR! Missing: ansi-styles@3.2.1 from lock file\nnpm ERR! Missing: escape-string-regexp@1.0.5 from lock file\nnpm ERR! Missing: supports-color@5.5.0 from lock file\nnpm ERR! Missing: color-convert@1.9.3 from lock file\nnpm ERR! Missing: color-name@1.1.3 from lock file\nnpm ERR! Missing: has-flag@3.0.0 from lock file\nnpm ERR! Missing: ms@2.1.2 from lock file\nnpm ERR! Missing: minimatch@3.1.2 from lock file\nnpm ERR! Missing: brace-expansion@1.1.11 from lock file\nnpm ERR! Missing: semver@6.3.1 from lock file\nnpm ERR! Missing: ms@2.1.2 from lock file\nnpm ERR! Missing: minimatch@3.1.2 from lock file\nnpm ERR! Missing: brace-expansion@1.1.11 from lock file\nnpm ERR! Missing: minimatch@3.1.2 from lock file\nnpm ERR! Missing: brace-expansion@1.1.11 from lock file\nnpm ERR! Missing: sprintf-js@1.0.3 from lock file\nnpm ERR! Missing: p-try@2.2.0 from lock file\nnpm ERR! Missing: brace-expansion@1.1.11 from lock file\nnpm ERR! \nnpm ERR! Clean install a project\nnpm ERR! \nnpm ERR! Usage:\nnpm ERR! npm ci\nnpm ERR! \nnpm ERR! Options:\nnpm ERR! [--install-strategy <hoisted|nested|shallow|linked>] [--legacy-bundling]\nnpm ERR! [--global-style] [--omit <dev|optional|peer> [--omit <dev|optional|peer> ...]]\nnpm ERR! [--include <prod|dev|optional|peer> [--include <prod|dev|optional|peer> ...]]\nnpm ERR! [--strict-peer-deps] [--foreground-scripts] [--ignore-scripts] [--no-audit]\nnpm ERR! [--no-bin-links] [--no-fund] [--dry-run]\nnpm ERR! [-w|--workspace <workspace-name> [-w|--workspace <workspace-name> ...]]\nnpm ERR! [-ws|--workspaces] [--include-workspace-root] [--install-links]\nnpm ERR! \nnpm ERR! aliases: clean-install, ic, install-clean, isntall-clean\nnpm ERR! \nnpm ERR! Run \"npm help ci\" for more info\n\nnpm ERR! A complete log of this run can be found in: /www-data-home/.npm/_logs/2024-05-31T00_00_01_575Z-debug-0.log; Error ID: beaf8772",
    "status": 3,
    "code": 3
  }
}
[error] Error: There was an error deploying functions:
[error] - Error Failed to delete schedule function updateTripStatus in region us-central1
[error] - Error Failed to update function getOpenExchangeCurrency in region us-central1
[error] - Error Failed to update function getCountries in region us-central1
[debug] [2024-05-31T00:02:23.338Z] ----------------------------------------------------------------------
[debug] [2024-05-31T00:02:23.341Z] Command:       C:\Program Files\nodejs\node.exe C:\Users\sharo\AppData\Roaming\npm\node_modules\firebase-tools\lib\bin\firebase.js deploy --only functions --debug
[debug] [2024-05-31T00:02:23.342Z] CLI Version:   13.8.0
[debug] [2024-05-31T00:02:23.342Z] Platform:      win32
[debug] [2024-05-31T00:02:23.342Z] Node Version:  v20.3.1
[debug] [2024-05-31T00:02:23.342Z] Time:          Fri May 31 2024 03:02:23 GMT+0300 (East Africa Time)
[debug] [2024-05-31T00:02:23.342Z] ----------------------------------------------------------------------
[debug] 
[debug] [2024-05-31T00:02:23.421Z] > command requires scopes: ["email","openid","https://www.googleapis.com/auth/cloudplatformprojects.readonly","https://www.googleapis.com/auth/firebase","https://www.googleapis.com/auth/cloud-platform"]
[debug] [2024-05-31T00:02:23.424Z] > authorizing via signed-in user (sharon@gessic.com)
[debug] [2024-05-31T00:02:23.425Z] [iam] checking project truck-it-bf0b2 for permissions ["cloudfunctions.functions.create","cloudfunctions.functions.delete","cloudfunctions.functions.get","cloudfunctions.functions.list","cloudfunctions.functions.update","cloudfunctions.operations.get","firebase.projects.get"]
[debug] [2024-05-31T00:02:23.428Z] >>> [apiv2][query] POST https://cloudresourcemanager.googleapis.com/v1/projects/truck-it-bf0b2:testIamPermissions [none]
[debug] [2024-05-31T00:02:23.429Z] >>> [apiv2][(partial)header] POST https://cloudresourcemanager.googleapis.com/v1/projects/truck-it-bf0b2:testIamPermissions x-goog-quota-user=projects/truck-it-bf0b2
[debug] [2024-05-31T00:02:23.430Z] >>> [apiv2][body] POST https://cloudresourcemanager.googleapis.com/v1/projects/truck-it-bf0b2:testIamPermissions {"permissions":["cloudfunctions.functions.create","cloudfunctions.functions.delete","cloudfunctions.functions.get","cloudfunctions.functions.list","cloudfunctions.functions.update","cloudfunctions.operations.get","firebase.projects.get"]}
[debug] [2024-05-31T00:02:25.597Z] <<< [apiv2][status] POST https://cloudresourcemanager.googleapis.com/v1/projects/truck-it-bf0b2:testIamPermissions 200
[debug] [2024-05-31T00:02:25.599Z] <<< [apiv2][body] POST https://cloudresourcemanager.googleapis.com/v1/projects/truck-it-bf0b2:testIamPermissions {"permissions":["cloudfunctions.functions.create","cloudfunctions.functions.delete","cloudfunctions.functions.get","cloudfunctions.functions.list","cloudfunctions.functions.update","cloudfunctions.operations.get","firebase.projects.get"]}
[debug] [2024-05-31T00:02:25.602Z] >>> [apiv2][query] POST https://iam.googleapis.com/v1/projects/truck-it-bf0b2/serviceAccounts/truck-it-bf0b2@appspot.gserviceaccount.com:testIamPermissions [none]
[debug] [2024-05-31T00:02:25.603Z] >>> [apiv2][body] POST https://iam.googleapis.com/v1/projects/truck-it-bf0b2/serviceAccounts/truck-it-bf0b2@appspot.gserviceaccount.com:testIamPermissions {"permissions":["iam.serviceAccounts.actAs"]}
[debug] [2024-05-31T00:02:27.522Z] <<< [apiv2][status] POST https://iam.googleapis.com/v1/projects/truck-it-bf0b2/serviceAccounts/truck-it-bf0b2@appspot.gserviceaccount.com:testIamPermissions 200
[debug] [2024-05-31T00:02:27.523Z] <<< [apiv2][body] POST https://iam.googleapis.com/v1/projects/truck-it-bf0b2/serviceAccounts/truck-it-bf0b2@appspot.gserviceaccount.com:testIamPermissions {"permissions":["iam.serviceAccounts.actAs"]}
[info] 
[info] === Deploying to 'truck-it-bf0b2'...
[info] 
[info] i  deploying functions 
[debug] [2024-05-31T00:02:27.529Z] >>> [apiv2][query] GET https://firebase.googleapis.com/v1beta1/projects/truck-it-bf0b2 [none]
[debug] [2024-05-31T00:02:28.539Z] <<< [apiv2][status] GET https://firebase.googleapis.com/v1beta1/projects/truck-it-bf0b2 200
[debug] [2024-05-31T00:02:28.540Z] <<< [apiv2][body] GET https://firebase.googleapis.com/v1beta1/projects/truck-it-bf0b2 {"projectId":"truck-it-bf0b2","projectNumber":"444807794647","displayName":"Truck IT","name":"projects/truck-it-bf0b2","resources":{"hostingSite":"truck-it-bf0b2","storageBucket":"truck-it-bf0b2.appspot.com","locationId":"us-central"},"state":"ACTIVE","etag":"1_8bfccb06-8f12-4cce-ae13-5c0a2f60b47a"}
[info] i  functions: preparing codebase default for deployment 
[info] i  functions: ensuring required API cloudfunctions.googleapis.com is enabled... 
[info] i  functions: ensuring required API cloudbuild.googleapis.com is enabled... 
[info] i  artifactregistry: ensuring required API artifactregistry.googleapis.com is enabled... 
[debug] [2024-05-31T00:02:28.548Z] >>> [apiv2][query] GET https://serviceusage.googleapis.com/v1/projects/truck-it-bf0b2/services/cloudfunctions.googleapis.com [none]
[debug] [2024-05-31T00:02:28.548Z] >>> [apiv2][(partial)header] GET https://serviceusage.googleapis.com/v1/projects/truck-it-bf0b2/services/cloudfunctions.googleapis.com x-goog-quota-user=projects/truck-it-bf0b2
[debug] [2024-05-31T00:02:28.552Z] >>> [apiv2][query] GET https://serviceusage.googleapis.com/v1/projects/truck-it-bf0b2/services/runtimeconfig.googleapis.com [none]
[debug] [2024-05-31T00:02:28.554Z] >>> [apiv2][(partial)header] GET https://serviceusage.googleapis.com/v1/projects/truck-it-bf0b2/services/runtimeconfig.googleapis.com x-goog-quota-user=projects/truck-it-bf0b2
[debug] [2024-05-31T00:02:28.556Z] >>> [apiv2][query] GET https://serviceusage.googleapis.com/v1/projects/truck-it-bf0b2/services/cloudbuild.googleapis.com [none]
[debug] [2024-05-31T00:02:28.557Z] >>> [apiv2][(partial)header] GET https://serviceusage.googleapis.com/v1/projects/truck-it-bf0b2/services/cloudbuild.googleapis.com x-goog-quota-user=projects/truck-it-bf0b2
[debug] [2024-05-31T00:02:28.561Z] >>> [apiv2][query] GET https://serviceusage.googleapis.com/v1/projects/truck-it-bf0b2/services/artifactregistry.googleapis.com [none]
[debug] [2024-05-31T00:02:28.563Z] >>> [apiv2][(partial)header] GET https://serviceusage.googleapis.com/v1/projects/truck-it-bf0b2/services/artifactregistry.googleapis.com x-goog-quota-user=projects/truck-it-bf0b2
[debug] [2024-05-31T00:02:30.590Z] <<< [apiv2][status] GET https://serviceusage.googleapis.com/v1/projects/truck-it-bf0b2/services/runtimeconfig.googleapis.com 200
[debug] [2024-05-31T00:02:30.591Z] <<< [apiv2][body] GET https://serviceusage.googleapis.com/v1/projects/truck-it-bf0b2/services/runtimeconfig.googleapis.com [omitted]
[debug] [2024-05-31T00:02:30.596Z] <<< [apiv2][status] GET https://serviceusage.googleapis.com/v1/projects/truck-it-bf0b2/services/artifactregistry.googleapis.com 200
[debug] [2024-05-31T00:02:30.596Z] <<< [apiv2][body] GET https://serviceusage.googleapis.com/v1/projects/truck-it-bf0b2/services/artifactregistry.googleapis.com [omitted]
[info] +  artifactregistry: required API artifactregistry.googleapis.com is enabled 
[debug] [2024-05-31T00:02:30.761Z] <<< [apiv2][status] GET https://serviceusage.googleapis.com/v1/projects/truck-it-bf0b2/services/cloudfunctions.googleapis.com 200
[debug] [2024-05-31T00:02:30.763Z] <<< [apiv2][body] GET https://serviceusage.googleapis.com/v1/projects/truck-it-bf0b2/services/cloudfunctions.googleapis.com [omitted]
[info] +  functions: required API cloudfunctions.googleapis.com is enabled 
[debug] [2024-05-31T00:02:30.767Z] <<< [apiv2][status] GET https://serviceusage.googleapis.com/v1/projects/truck-it-bf0b2/services/cloudbuild.googleapis.com 200
[debug] [2024-05-31T00:02:30.768Z] <<< [apiv2][body] GET https://serviceusage.googleapis.com/v1/projects/truck-it-bf0b2/services/cloudbuild.googleapis.com [omitted]
[info] +  functions: required API cloudbuild.googleapis.com is enabled 
[debug] [2024-05-31T00:02:30.771Z] >>> [apiv2][query] GET https://firebase.googleapis.com/v1beta1/projects/truck-it-bf0b2/adminSdkConfig [none]
[debug] [2024-05-31T00:02:31.604Z] <<< [apiv2][status] GET https://firebase.googleapis.com/v1beta1/projects/truck-it-bf0b2/adminSdkConfig 200
[debug] [2024-05-31T00:02:31.605Z] <<< [apiv2][body] GET https://firebase.googleapis.com/v1beta1/projects/truck-it-bf0b2/adminSdkConfig {"projectId":"truck-it-bf0b2","storageBucket":"truck-it-bf0b2.appspot.com","locationId":"us-central"}
[debug] [2024-05-31T00:02:31.606Z] >>> [apiv2][query] GET https://runtimeconfig.googleapis.com/v1beta1/projects/truck-it-bf0b2/configs [none]
[debug] [2024-05-31T00:02:32.919Z] <<< [apiv2][status] GET https://runtimeconfig.googleapis.com/v1beta1/projects/truck-it-bf0b2/configs 200
[debug] [2024-05-31T00:02:32.919Z] <<< [apiv2][body] GET https://runtimeconfig.googleapis.com/v1beta1/projects/truck-it-bf0b2/configs {}
[debug] [2024-05-31T00:02:32.924Z] Validating nodejs source
[warn] !  functions: package.json indicates an outdated version of firebase-functions. Please upgrade using npm install --save firebase-functions@latest in your functions directory. 
[warn] !  functions: Please note that there will be breaking changes when you upgrade. 
[debug] [2024-05-31T00:02:42.523Z] > [functions] package.json contents: {
  "name": "functions",
  "description": "Cloud Functions for Firebase",
  "scripts": {
    "serve": "firebase emulators:start --only functions",
    "shell": "firebase functions:shell",
    "start": "npm run shell",
    "deploy": "firebase deploy --only functions",
    "logs": "firebase functions:log"
  },
  "engines": {
    "node": "18"
  },
  "main": "index.js",
  "dependencies": {
    "cors": "^2.8.5",
    "firebase-admin": "^11.8.0",
    "firebase-functions": "^4.3.1"
  },
  "devDependencies": {
    "firebase-functions-test": "^3.1.0"
  },
  "private": true
}
[debug] [2024-05-31T00:02:42.526Z] Building nodejs source
[info] i  functions: Loading and analyzing source code for codebase default to determine what to deploy 
[debug] [2024-05-31T00:02:42.530Z] Could not find functions.yaml. Must use http discovery
[debug] [2024-05-31T00:02:42.545Z] Found firebase-functions binary at 'C:\Users\sharo\truckit\functions\node_modules\.bin\firebase-functions'
[info] Serving at port 8823

[debug] [2024-05-31T00:02:43.811Z] Got response from /__/functions.yaml {"endpoints":{"getOpenExchangeCurrency":{"platform":"gcfv1","availableMemoryMb":null,"timeoutSeconds":null,"minInstances":null,"maxInstances":null,"ingressSettings":null,"serviceAccountEmail":null,"vpc":null,"scheduleTrigger":{"schedule":"every 24 hours","retryConfig":{"retryCount":null,"maxDoublings":null,"maxRetryDuration":null,"maxBackoffDuration":null,"minBackoffDuration":null},"timeZone":null},"labels":{},"entryPoint":"getOpenExchangeCurrency"},"getCountries":{"platform":"gcfv1","availableMemoryMb":null,"timeoutSeconds":null,"minInstances":null,"maxInstances":null,"ingressSettings":null,"serviceAccountEmail":null,"vpc":null,"httpsTrigger":{},"entryPoint":"getCountries"}},"specVersion":"v1alpha1","requiredAPIs":[{"api":"cloudscheduler.googleapis.com","reason":"Needed for scheduled functions."}]}
[info] i  functions: preparing functions directory for uploading... 
[info] i  functions: packaged C:\Users\sharo\truckit\functions (36.95 KB) for uploading 
[debug] [2024-05-31T00:02:48.986Z] >>> [apiv2][query] GET https://cloudfunctions.googleapis.com/v1/projects/truck-it-bf0b2/locations/-/functions [none]
[debug] [2024-05-31T00:02:50.455Z] <<< [apiv2][status] GET https://cloudfunctions.googleapis.com/v1/projects/truck-it-bf0b2/locations/-/functions 200
[debug] [2024-05-31T00:02:50.456Z] <<< [apiv2][body] GET https://cloudfunctions.googleapis.com/v1/projects/truck-it-bf0b2/locations/-/functions {"functions":[{"name":"projects/truck-it-bf0b2/locations/us-central1/functions/getCountries","httpsTrigger":{"url":"https://us-central1-truck-it-bf0b2.cloudfunctions.net/getCountries","securityLevel":"SECURE_ALWAYS"},"status":"OFFLINE","entryPoint":"getCountries","timeout":"60s","availableMemoryMb":256,"serviceAccountEmail":"truck-it-bf0b2@appspot.gserviceaccount.com","updateTime":"2024-05-30T23:32:54.541Z","versionId":"3","labels":{"deployment-tool":"cli-firebase","firebase-functions-hash":"e36aacb58fe5b2789ebeb52872ac8156ab5085dd"},"sourceUploadUrl":"https://storage.googleapis.com/uploads-536595928110.us-central1.cloudfunctions.appspot.com/c651b90d-46df-4b9e-b812-fa4250974d33.zip","environmentVariables":{"FIREBASE_CONFIG":"{\"projectId\":\"truck-it-bf0b2\",\"storageBucket\":\"truck-it-bf0b2.appspot.com\",\"locationId\":\"us-central\"}","GCLOUD_PROJECT":"truck-it-bf0b2","EVENTARC_CLOUD_EVENT_SOURCE":"projects/truck-it-bf0b2/locations/us-central1/functions/getCountries"},"runtime":"nodejs18","ingressSettings":"ALLOW_ALL","buildId":"8f109723-a628-4f49-941e-e6a3af21f7f5","buildEnvironmentVariables":{"GOOGLE_NODE_RUN_SCRIPTS":""},"buildName":"projects/444807794647/locations/us-central1/builds/8f109723-a628-4f49-941e-e6a3af21f7f5","dockerRegistry":"ARTIFACT_REGISTRY","automaticUpdatePolicy":{}},{"name":"projects/truck-it-bf0b2/locations/us-central1/functions/getOpenExchangeCurrency","eventTrigger":{"eventType":"google.pubsub.topic.publish","resource":"projects/truck-it-bf0b2/topics/firebase-schedule-getOpenExchangeCurrency-us-central1","service":"pubsub.googleapis.com","failurePolicy":{}},"status":"OFFLINE","entryPoint":"getOpenExchangeCurrency","timeout":"60s","availableMemoryMb":256,"serviceAccountEmail":"truck-it-bf0b2@appspot.gserviceaccount.com","updateTime":"2024-05-27T06:29:21.753Z","versionId":"6","labels":{"deployment-tool":"cli-firebase","deployment-scheduled":"true","firebase-functions-hash":"e36aacb58fe5b2789ebeb52872ac8156ab5085dd"},"sourceUploadUrl":"https://storage.googleapis.com/uploads-536595928110.us-central1.cloudfunctions.appspot.com/c651b90d-46df-4b9e-b812-fa4250974d33.zip","environmentVariables":{"FIREBASE_CONFIG":"{\"projectId\":\"truck-it-bf0b2\",\"storageBucket\":\"truck-it-bf0b2.appspot.com\",\"locationId\":\"us-central\"}","GCLOUD_PROJECT":"truck-it-bf0b2","EVENTARC_CLOUD_EVENT_SOURCE":"projects/truck-it-bf0b2/locations/us-central1/functions/getOpenExchangeCurrency"},"runtime":"nodejs18","maxInstances":3000,"ingressSettings":"ALLOW_ALL","buildId":"75d3441e-27ac-450a-ba54-c2db2361a606","buildEnvironmentVariables":{"GOOGLE_NODE_RUN_SCRIPTS":""},"buildName":"projects/444807794647/locations/us-central1/builds/75d3441e-27ac-450a-ba54-c2db2361a606","dockerRegistry":"ARTIFACT_REGISTRY","automaticUpdatePolicy":{}},{"name":"projects/truck-it-bf0b2/locations/us-central1/functions/updateTripStatus","eventTrigger":{"eventType":"google.pubsub.topic.publish","resource":"projects/truck-it-bf0b2/topics/firebase-schedule-updateTripStatus-us-central1","service":"pubsub.googleapis.com","failurePolicy":{}},"status":"OFFLINE","entryPoint":"updateTripStatus","timeout":"60s","availableMemoryMb":256,"serviceAccountEmail":"truck-it-bf0b2@appspot.gserviceaccount.com","updateTime":"2024-05-04T11:30:42.514Z","versionId":"3","labels":{"deployment-tool":"cli-firebase","deployment-scheduled":"true","firebase-functions-hash":"fe1269067a2a43041bac65c6b13b25449681e48a"},"sourceUploadUrl":"https://storage.googleapis.com/uploads-536595928110.us-central1.cloudfunctions.appspot.com/535a2c60-24a6-475c-b6d2-bfc4ef4a6f6f.zip","environmentVariables":{"FIREBASE_CONFIG":"{\"projectId\":\"truck-it-bf0b2\",\"storageBucket\":\"truck-it-bf0b2.appspot.com\",\"locationId\":\"us-central\"}","GCLOUD_PROJECT":"truck-it-bf0b2","EVENTARC_CLOUD_EVENT_SOURCE":"projects/truck-it-bf0b2/locations/us-central1/functions/updateTripStatus"},"runtime":"nodejs18","maxInstances":3000,"ingressSettings":"ALLOW_ALL","buildId":"fe699ca3-45d3-40f8-9018-015981decaca","buildEnvironmentVariables":{"GOOGLE_NODE_RUN_SCRIPTS":""},"buildName":"projects/444807794647/locations/us-central1/builds/fe699ca3-45d3-40f8-9018-015981decaca","dockerRegistry":"ARTIFACT_REGISTRY","automaticUpdatePolicy":{}}]}
[debug] [2024-05-31T00:02:50.467Z] >>> [apiv2][query] GET https://cloudfunctions.googleapis.com/v2/projects/truck-it-bf0b2/locations/-/functions filter=environment%3D%22GEN_2%22
[debug] [2024-05-31T00:02:51.754Z] <<< [apiv2][status] GET https://cloudfunctions.googleapis.com/v2/projects/truck-it-bf0b2/locations/-/functions 200
[debug] [2024-05-31T00:02:51.755Z] <<< [apiv2][body] GET https://cloudfunctions.googleapis.com/v2/projects/truck-it-bf0b2/locations/-/functions {"functions":[{"name":"projects/truck-it-bf0b2/locations/us-central1/functions/ssrtruckitbf0b2","buildConfig":{"build":"projects/444807794647/locations/us-central1/builds/0802e8ba-1b2a-48c1-b162-7a14b6052a5c","runtime":"nodejs20","entryPoint":"ssrtruckitbf0b2","source":{"storageSource":{"bucket":"gcf-v2-sources-444807794647-us-central1","object":"ssrtruckitbf0b2/function-source.zip","generation":"1710746988117928"}},"environmentVariables":{"GOOGLE_NODE_RUN_SCRIPTS":""},"dockerRepository":"projects/truck-it-bf0b2/locations/us-central1/repositories/gcf-artifacts","sourceProvenance":{"resolvedStorageSource":{"bucket":"gcf-v2-sources-444807794647-us-central1","object":"ssrtruckitbf0b2/function-source.zip","generation":"1710746988117928"}},"dockerRegistry":"ARTIFACT_REGISTRY"},"state":"FAILED","updateTime":"2024-04-09T07:00:34.094654600Z","labels":{"deployment-tool":"cli-firebase","firebase-functions-codebase":"firebase-frameworks-truck-it-bf0b2","firebase-functions-hash":"b3d91f1e8661230361c9a164e297256ffe88671c"},"stateMessages":[{"severity":"ERROR","type":"CloudRunServiceNotFound","message":"Cloud Run service projects/truck-it-bf0b2/locations/us-central1/services/ssrtruckitbf0b2 for the function was not found. The function will not work correctly. Please redeploy."}],"environment":"GEN_2","url":"https://us-central1-truck-it-bf0b2.cloudfunctions.net/ssrtruckitbf0b2","createTime":"2024-03-18T07:29:48.442327102Z"}]}
[info] i  functions: ensuring required API cloudscheduler.googleapis.com is enabled... 
[debug] [2024-05-31T00:02:51.762Z] >>> [apiv2][query] GET https://serviceusage.googleapis.com/v1/projects/truck-it-bf0b2/services/cloudscheduler.googleapis.com [none]
[debug] [2024-05-31T00:02:51.762Z] >>> [apiv2][(partial)header] GET https://serviceusage.googleapis.com/v1/projects/truck-it-bf0b2/services/cloudscheduler.googleapis.com x-goog-quota-user=projects/truck-it-bf0b2
[debug] [2024-05-31T00:02:53.798Z] <<< [apiv2][status] GET https://serviceusage.googleapis.com/v1/projects/truck-it-bf0b2/services/cloudscheduler.googleapis.com 200
[debug] [2024-05-31T00:02:53.799Z] <<< [apiv2][body] GET https://serviceusage.googleapis.com/v1/projects/truck-it-bf0b2/services/cloudscheduler.googleapis.com [omitted]
[info] +  functions: required API cloudscheduler.googleapis.com is enabled 
[debug] [2024-05-31T00:02:53.807Z] >>> [apiv2][query] GET https://firebase.googleapis.com/v1beta1/projects/truck-it-bf0b2 [none]
[debug] [2024-05-31T00:02:54.951Z] <<< [apiv2][status] GET https://firebase.googleapis.com/v1beta1/projects/truck-it-bf0b2 200
[debug] [2024-05-31T00:02:54.952Z] <<< [apiv2][body] GET https://firebase.googleapis.com/v1beta1/projects/truck-it-bf0b2 {"projectId":"truck-it-bf0b2","projectNumber":"444807794647","displayName":"Truck IT","name":"projects/truck-it-bf0b2","resources":{"hostingSite":"truck-it-bf0b2","storageBucket":"truck-it-bf0b2.appspot.com","locationId":"us-central"},"state":"ACTIVE","etag":"1_8bfccb06-8f12-4cce-ae13-5c0a2f60b47a"}
[debug] [2024-05-31T00:02:54.957Z] >>> [apiv2][query] POST https://cloudfunctions.googleapis.com/v1/projects/truck-it-bf0b2/locations/us-central1/functions:generateUploadUrl [none]
[debug] [2024-05-31T00:02:54.959Z] >>> [apiv2][body] POST https://cloudfunctions.googleapis.com/v1/projects/truck-it-bf0b2/locations/us-central1/functions:generateUploadUrl {}
[debug] [2024-05-31T00:02:55.756Z] <<< [apiv2][status] POST https://cloudfunctions.googleapis.com/v1/projects/truck-it-bf0b2/locations/us-central1/functions:generateUploadUrl 200
[debug] [2024-05-31T00:02:55.758Z] <<< [apiv2][body] POST https://cloudfunctions.googleapis.com/v1/projects/truck-it-bf0b2/locations/us-central1/functions:generateUploadUrl {"uploadUrl":"https://storage.googleapis.com/uploads-536595928110.us-central1.cloudfunctions.appspot.com/725eb492-a664-412b-977e-00d2e1e4416a.zip?GoogleAccessId=service-444807794647@gcf-admin-robot.iam.gserviceaccount.com&Expires=1717115573&Signature=FMqBNYLsS5Yk0r5qSBAF2PSu7EaR02kdLTYJvX3M%2ForhRcBa0xC8uUCF66pRs2CJlBtjnNZaHKAtFykr1NnwPcchOq4ZDz5po%2FYX7eHTU7CZ65Datma8u8aKTNVDomDISyLkdJWC5NNJfxrLjCGse6P5vkncPGYCdaRvYnfD0iKtl3%2FC2j27a1EKMh12QPROSZr9mL3%2BoNKsb0q23r8kV5vcTJNCSkCoGttSA8J5Nhmt1BfQjNYNsXxzfutROWGf6VsKpPtkEr9vsbV22zK4tbT%2BG8fVI1uoD0efaybRwy7KjIeRkD%2FwN5ord11TzCCQujK2BW%2B%2BpzfnrSTQjD2vhA%3D%3D"}
[debug] [2024-05-31T00:02:55.763Z] >>> [apiv2][query] PUT https://storage.googleapis.com/uploads-536595928110.us-central1.cloudfunctions.appspot.com/725eb492-a664-412b-977e-00d2e1e4416a.zip GoogleAccessId=service-444807794647%40gcf-admin-robot.iam.gserviceaccount.com&Expires=1717115573&Signature=FMqBNYLsS5Yk0r5qSBAF2PSu7EaR02kdLTYJvX3M%2ForhRcBa0xC8uUCF66pRs2CJlBtjnNZaHKAtFykr1NnwPcchOq4ZDz5po%2FYX7eHTU7CZ65Datma8u8aKTNVDomDISyLkdJWC5NNJfxrLjCGse6P5vkncPGYCdaRvYnfD0iKtl3%2FC2j27a1EKMh12QPROSZr9mL3%2BoNKsb0q23r8kV5vcTJNCSkCoGttSA8J5Nhmt1BfQjNYNsXxzfutROWGf6VsKpPtkEr9vsbV22zK4tbT%2BG8fVI1uoD0efaybRwy7KjIeRkD%2FwN5ord11TzCCQujK2BW%2B%2BpzfnrSTQjD2vhA%3D%3D
[debug] [2024-05-31T00:02:55.765Z] >>> [apiv2][body] PUT https://storage.googleapis.com/uploads-536595928110.us-central1.cloudfunctions.appspot.com/725eb492-a664-412b-977e-00d2e1e4416a.zip [stream]
[debug] [2024-05-31T00:02:58.535Z] <<< [apiv2][status] PUT https://storage.googleapis.com/uploads-536595928110.us-central1.cloudfunctions.appspot.com/725eb492-a664-412b-977e-00d2e1e4416a.zip 200
[debug] [2024-05-31T00:02:58.537Z] <<< [apiv2][body] PUT https://storage.googleapis.com/uploads-536595928110.us-central1.cloudfunctions.appspot.com/725eb492-a664-412b-977e-00d2e1e4416a.zip [omitted]
[info] +  functions: functions folder uploaded successfully 
[info] i  functions: Skipping the deploy of unchanged functions. 
[info] 
The following functions are found in your project but do not exist in your local source code:
	updateTripStatus(us-central1)

If you are renaming a function or changing its region, it is recommended that you create the new function first before deleting the old one to prevent event loss. For more info, visit https://firebase.google.com/docs/functions/manage-functions#modify

[info] +  functions[getOpenExchangeCurrency(us-central1)] Skipped (No changes detected) 
[info] +  functions[getCountries(us-central1)] Skipped (No changes detected) 
[debug] [2024-05-31T00:03:18.251Z] Total Function Deployment time: 2
[debug] [2024-05-31T00:03:18.251Z] 0 Functions Deployed
[debug] [2024-05-31T00:03:18.252Z] 0 Functions Errored
[debug] [2024-05-31T00:03:18.252Z] 0 Function Deployments Aborted
[debug] [2024-05-31T00:03:18.252Z] Average Function Deployment time: NaN
[debug] [2024-05-31T00:03:19.342Z] Not printing URL for HTTPS function. Typically this means it didn't match a filter or we failed deployment
[info] i  functions: cleaning up build files... 
[debug] [2024-05-31T00:03:19.348Z] >>> [apiv2][query] DELETE https://artifactregistry.googleapis.com/v1beta2/projects/truck-it-bf0b2/locations/us-central1/repositories/gcf-artifacts/packages/get_open_exchange_currency [none]
[debug] [2024-05-31T00:03:19.352Z] >>> [apiv2][query] DELETE https://artifactregistry.googleapis.com/v1beta2/projects/truck-it-bf0b2/locations/us-central1/repositories/gcf-artifacts/packages/get_countries [none]
[debug] [2024-05-31T00:03:19.355Z] >>> [apiv2][query] GET https://us.gcr.io/v2/truck-it-bf0b2/gcf/us-central1/tags/list [none]
[debug] [2024-05-31T00:03:20.626Z] <<< [apiv2][status] GET https://us.gcr.io/v2/truck-it-bf0b2/gcf/us-central1/tags/list 200
[debug] [2024-05-31T00:03:20.627Z] <<< [apiv2][body] GET https://us.gcr.io/v2/truck-it-bf0b2/gcf/us-central1/tags/list {"child":[],"manifest":{},"name":"truck-it-bf0b2/gcf/us-central1","tags":[]}
[debug] [2024-05-31T00:03:20.628Z] Could not find image for function projects/truck-it-bf0b2/locations/us-central1/functions/getOpenExchangeCurrency
[debug] [2024-05-31T00:03:20.629Z] Could not find image for function projects/truck-it-bf0b2/locations/us-central1/functions/getCountries
[debug] [2024-05-31T00:03:20.837Z] <<< [apiv2][status] DELETE https://artifactregistry.googleapis.com/v1beta2/projects/truck-it-bf0b2/locations/us-central1/repositories/gcf-artifacts/packages/get_countries 404
[debug] [2024-05-31T00:03:20.838Z] <<< [apiv2][body] DELETE https://artifactregistry.googleapis.com/v1beta2/projects/truck-it-bf0b2/locations/us-central1/repositories/gcf-artifacts/packages/get_countries {"error":{"code":404,"message":"Package \"projects/truck-it-bf0b2/locations/us-central1/repositories/gcf-artifacts/packages/get_countries\" was not found.","status":"NOT_FOUND"}}
[debug] [2024-05-31T00:03:20.842Z] <<< [apiv2][status] DELETE https://artifactregistry.googleapis.com/v1beta2/projects/truck-it-bf0b2/locations/us-central1/repositories/gcf-artifacts/packages/get_open_exchange_currency 404
[debug] [2024-05-31T00:03:20.843Z] <<< [apiv2][body] DELETE https://artifactregistry.googleapis.com/v1beta2/projects/truck-it-bf0b2/locations/us-central1/repositories/gcf-artifacts/packages/get_open_exchange_currency {"error":{"code":404,"message":"Package \"projects/truck-it-bf0b2/locations/us-central1/repositories/gcf-artifacts/packages/get_open_exchange_currency\" was not found.","status":"NOT_FOUND"}}
[info] 
[info] +  Deploy complete! 
[info] 
[info] Project Console: https://console.firebase.google.com/project/truck-it-bf0b2/overview
